,0
0,0.002179681576952207
1,0.011241843175068489
2,0.004428998264185635
3,0.009654117706028531
4,0.012669171905902
5,0.011445162988380941
6,0.002191495243514474
7,0.01037988160897152
8,0.0031748695459825615
9,0.012536195974963027
10,0.005953267296354259
11,0.001417566958677785
12,0.011189138103294693
13,0.006330988503622015
14,0.0011512718491895058
15,0.004539331306479655
16,0.004203547076680358
17,0.009158342071270864
18,0.007852770665620401
19,0.017602769179047684
20,0.028209558374883148
21,0.025075967339835747
22,0.030224155616695114
23,0.033756708510022326
24,0.02819193145757959
25,0.02232493042215844
26,0.01246382770576182
27,0.018829453392269713
28,0.014594680138760863
29,0.01870854824304824
30,0.01648112200390095
31,0.021436046545614262
32,0.02465793428562635
33,0.02046901910602461
34,0.030789572109100494
35,0.026924989527914445
36,0.02925755643820871
37,0.0036509134851319125
38,-0.00017606985725371338
39,-0.0017282902029052138
40,-0.0015834452072875926
41,0.019760881840280575
42,0.03271773944058065
43,0.025258136361030914
44,0.01926689111319324
45,0.02164165136818963
46,0.03434615839534705
47,0.03755327290927557
48,0.039746169319409885
49,0.034854289678866834
50,0.024960442727095744
51,0.018669517854070117
52,0.0321411137205081
53,0.029026279398938204
54,0.03419694310526378
55,0.03957123842682253
56,0.04646252481962465
57,0.03763540886625161
58,0.05163973854895221
59,0.04513167077463076
60,0.05039112915095201
61,0.05347264841878441
62,0.05097450210182153
63,0.056695513060264435
64,0.0481642728247611
65,0.049263865279303154
66,0.051246359204256464
67,0.04504018187892167
68,0.05951130005596372
69,0.052530550308538926
70,0.0561881673527298
71,0.05648509964605353
72,0.06036677919955524
73,0.06111973799940351
74,0.05894189461323873
75,0.061773342700847556
76,0.05818391267575307
77,0.0756420408731655
78,0.06737904265697625
79,0.06849480522176066
80,0.07014992977236156
81,0.06514063447773433
82,0.06371091550528107
83,0.06396519713549353
84,0.0637107330588802
85,0.08361420152083188
86,0.07821719093653878
87,0.0722715425962348
88,0.0733002769583706
89,0.0722656434012936
90,0.06764574742954066
91,0.06159617207286683
92,0.0799409564682092
93,0.059151661448539894
94,0.07278356055747714
95,0.0640652667386703
96,0.07530277770652205
97,0.08091455149608251
98,0.07891402777911138
99,0.0827534473068452
100,0.08624229550870721
101,0.08302283519803755
102,0.08609866462544935
103,0.09044338327922885
104,0.09077781534310425
105,0.08967825397809248
106,0.0878683567353451
107,0.09114812065085509
108,0.10325065520215038
109,0.09957874653356158
110,0.1023457887076531
111,0.08738122644793189
112,0.09297351611306781
113,0.10418115311503917
114,0.09448861788697882
115,0.08924639779877896
116,0.08561298024084407
117,0.08543072845840394
118,0.07749429162157817
119,0.08334850342037159
120,0.0906833748961211
121,0.09258253556065132
122,0.08652989623166008
123,0.09338906444705297
124,0.09303472021893366
125,0.09199633985197986
126,0.08581470777304179
127,0.09022368360178112
128,0.093146665306588
129,0.08704312108727463
130,0.08192092837010945
131,0.0875459301465824
132,0.08623941426531068
133,0.07918390843503609
134,0.08122581033218679
135,0.0827987513349655
136,0.08590052170687223
137,0.08319822525658149
138,0.08532858706696556
139,0.08304797453797685
140,0.09570727042070004
141,0.100668828632823
142,0.100678951785099
143,0.10168927824716834
144,0.12133462026161723
145,0.10884741049750168
146,0.1025073061549
147,0.10510984316437844
148,0.11589883611749996
149,0.11672981560809381
150,0.1073761348876936
151,0.09472196842340175
152,0.10669680264397585
153,0.11486986685259892
154,0.1285611783960403
155,0.10140173077317716
156,0.1074868232083881
157,0.10452492453702367
158,0.09138759268297303
159,0.09026923288335809
160,0.10989544918506744
161,0.0985628776483678
162,0.09095075364127503
163,0.08106734820126293
164,0.07535086095370302
165,0.08334855790614704
166,0.06852771982247474
167,0.07778088143718764
168,0.06964658273130664
169,0.07310531841959311
170,0.07476781465208471
171,0.08679485242057217
172,0.08185852287450301
173,0.07654580593829752
174,0.06100017054169493
175,0.0438427328396267
176,0.07672394302202457
177,0.08272133491693157
178,0.08503083530697819
179,0.07418438554924345
180,0.0809763158699397
181,0.07316364516798957
182,0.06513133809692762
183,0.0639347557084724
184,0.06353288278228653
185,0.06516802747116057
186,0.07191566576212494
187,0.07656290673872457
188,0.07922502301751311
189,0.08384762892323439
190,0.07435950403109581
191,0.08029293831822404
192,0.0804155523254928
193,0.07295001920200339
194,0.07132328317636127
195,0.07463048969104369
196,0.07422260533102887
197,0.07302255432085047
198,0.07489289443124081
199,0.07692332827864456
200,0.07652781066622771
201,0.07493649819098147
202,0.07156854737218521
203,0.0771070085627592
204,0.08278985296665886
205,0.0796260906993469
206,0.07593225624786748
207,0.07261088039590247
208,0.07090938989366546
209,0.07722840630631778
210,0.08483543989815079
211,0.08111151275349782
212,0.07966421883208574
213,0.08430683998272848
214,0.09132913945296628
215,0.09173998172712916
216,0.0922772538834038
217,0.07935964385664818
218,0.07752395061609008
219,0.07526978784043092
220,0.06484656414125012
221,0.06662983174459747
222,0.06145289715373514
223,0.06861020534298756
224,0.07234683352215177
225,0.06981795854996209
226,0.0627649474442975
227,0.05278204614024218
228,0.0552462634291182
229,0.05877851124503075
230,0.04647928475930119
231,0.04902870504255996
232,0.04168309051596775
233,0.05034401756106943
234,0.0534922854423896
235,0.05448104461036585
236,0.049466356281193
237,0.04505464351651067
238,0.046727178764932376
239,0.04872596156764408
240,0.05527196248463362
241,0.054357230857577266
242,0.049913458212633044
243,0.03643491512716923
244,0.04442009126679203
245,0.039973437276698665
246,0.04961881716854344
247,0.05031225902973602
248,0.04628491384906286
249,0.04477491376724685
250,0.04085010289333435
251,0.042978200950984036
252,0.0396705417604446
253,0.04152486150373069
254,0.04526189081708765
255,0.04756740178062646
256,0.054309614737448664
257,0.05204198558430417
258,0.061176419378943914
259,0.06125082332730636
260,0.0662059387601528
261,0.06599371825117606
262,0.06283864686770002
263,0.07098999224866187
264,0.07765398990135752
265,0.07556935431158518
266,0.07674050955201683
267,0.07459949748030659
268,0.07397519079639325
269,0.0756640747002808
270,0.07788583085271927
271,0.07927895826612996
272,0.07596336213312083
273,0.0822242768916821
274,0.07710363424536926
275,0.07919686817187999
276,0.07297128413073284
277,0.07090389230421312
278,0.06911680646112117
279,0.05467286189264198
280,0.054363330457389836
281,0.053689877993743584
282,0.053783025533193474
283,0.0513126657504237
284,0.047473638494896386
285,0.05570496030376271
286,0.06266868347132037
287,0.06739029883182557
288,0.06184130449460423
289,0.06742793281394532
290,0.06714003087573639
291,0.07179792372315186
292,0.06552973769882975
293,0.06691291865210824
294,0.07632207268592284
295,0.08307111535643297
296,0.07800949283187242
297,0.07952118619925597
298,0.09090503376799375
299,0.09141847726196595
300,0.086625607934671
301,0.08842544122967455
302,0.08587067010902105
303,0.09243072493971116
304,0.08998690579123059
305,0.0851966092484
306,0.07823516387298857
307,0.07691813484717436
308,0.08159192793121162
309,0.08658094339760991
310,0.09187495136231139
311,0.10419822552986369
312,0.09703496847974291
313,0.10345451918080495
314,0.09468676491946026
315,0.09509019628463955
316,0.10204652312558826
317,0.10492197063025888
318,0.10402846740776184
319,0.10592294504212085
320,0.10326059648515118
321,0.10793109985272453
322,0.11145547127332645
323,0.09503540223474749
324,0.08153316461983229
325,0.08052559326680564
326,0.0733489690411313
327,0.07521974749391691
328,0.07137429760062863
329,0.07747637119331285
330,0.06358570489029858
331,0.0695153676874658
332,0.07184809874074372
333,0.07172062277135383
334,0.07445409265974057
335,0.07625917994028497
336,0.0849343196236454
337,0.08590306435142159
338,0.07022462823479247
339,0.06714609906450253
340,0.06648754848026162
341,0.0658364571808232
342,0.06145308316772691
343,0.06958857349658532
344,0.07045926363856436
345,0.07156590869586865
346,0.0620029296485336
347,0.059298747947936103
348,0.06302149011041025
349,0.06436255972285188
350,0.06587399857743192
351,0.06282612305253044
352,0.057664258732229134
353,0.05827959876306599
354,0.05851995937939547
355,0.051579777141677496
356,0.04560693443360431
357,0.04842084678633207
358,0.0480694148170151
359,0.05172791106450014
360,0.05627852726017535
361,0.05234353616926013
362,0.059534743264754386
363,0.06357168616286724
364,0.06105308051911784
365,0.06026222369540557
366,0.06478403453180892
367,0.06718888194019401
368,0.06542154915638254
369,0.06897348698863848
370,0.07624557948020083
371,0.07458010713606389
372,0.08812972988819157
373,0.08314750559744
374,0.08516476015958374
375,0.0857228601136657
376,0.07945427504177216
377,0.07635861287086754
378,0.07366939241978332
379,0.07757582536337781
380,0.07638097353378392
381,0.07465969680316009
382,0.07334302469288878
383,0.07592723687311942
384,0.07533268308676577
385,0.07336384141866303
386,0.08252153791290406
387,0.07827109136198862
388,0.07507003319283911
389,0.06688490138818648
390,0.06370673829972495
391,0.061582934249370114
392,0.07091873689624228
393,0.06972090293662325
394,0.07110805047257074
395,0.06958021856679353
396,0.07656966607737181
397,0.06681283861331577
398,0.06982348026324203
399,0.07113714766077384
400,0.06240365005726911
401,0.05827148681861005
402,0.0641115675923496
403,0.05063757442849126
404,0.04529263273423645
405,0.04885594447101327
406,0.048886695349188214
407,0.04547528497563258
408,0.041137895588730045
409,0.03475460360341742
410,0.03601726440321529
411,0.04693149377293637
412,0.05001263067255346
413,0.053185454836931934
414,0.05083377256840138
415,0.05049259277211293
416,0.05370993990785822
417,0.046696356928580096
418,0.05161902740543223
419,0.04814681650730246
420,0.04648026193726995
421,0.04732443230694838
422,0.05044118164336808
423,0.04903923393673404
424,0.05750339119324477
425,0.05890961511332282
426,0.06361389549105789
427,0.06678011397999728
428,0.07184274648767075
429,0.0660717205923429
430,0.07119105380838175
431,0.07030332819449048
432,0.07042063473584781
433,0.06772817887748817
434,0.06487204045527761
435,0.06984874589810186
436,0.06997439765544278
437,0.06958324641664015
438,0.06464255272577102
439,0.06565357369245794
440,0.06820132625618425
441,0.07092099690383713
442,0.06879403058006583
443,0.0620994258458758
444,0.06247649545755718
445,0.06136029393312148
446,0.06181205379942356
447,0.06371310049783818
448,0.06532406474749153
449,0.06518112938511944
450,0.06409683151165857
451,0.06406094026351816
452,0.0631186326219828
453,0.05686443351431736
454,0.05351475015997176
455,0.048424318135639854
456,0.05286324063908765
457,0.0583234786507667
458,0.05797579200774461
459,0.07068086810785656
460,0.06885613300270466
461,0.06327478120270746
462,0.06001892470665138
463,0.06567502066396869
464,0.060863068079031635
465,0.06303879449501948
466,0.06092884888152472
467,0.06186495136428771
468,0.06210346992858562
469,0.061751373818645705
470,0.058906231136707676
471,0.06373927309828042
472,0.06547490936658229
473,0.06286988496021007
474,0.059283789379165786
475,0.05995847846644686
476,0.061653015884991946
477,0.056849057928138214
478,0.061191730909061715
479,0.060416503814519684
480,0.061043449154808416
481,0.0566596170340774
482,0.05722629669259338
483,0.051224714903365776
484,0.05231171985207195
485,0.048224559396087496
486,0.05516955984316296
487,0.049561399595121625
488,0.05025423057430123
489,0.04817555564110898
490,0.04660526866212611
491,0.05438531221985743
492,0.05286746658853181
493,0.05184315264548767
494,0.05195741124322595
495,0.056074477927891664
496,0.06111773620049088
497,0.05695305223563785
498,0.06315551646440709
499,0.06009341602506191
500,0.06272865718741993
501,0.05934928575906673
502,0.05435870470028714
503,0.05704333608672929
504,0.05974359033196075
505,0.060481263171556554
506,0.061987286539026965
507,0.06675074294678596
508,0.06760091289533876
509,0.07436158981421892
510,0.07980076741216835
511,0.0829495400993343
512,0.08703481659535495
513,0.08267961268603585
514,0.08035236286085046
515,0.08490773444929767
516,0.08272284990527856
517,0.08550256692393199
518,0.09026695820134378
519,0.09723071007028383
520,0.09769103856836603
521,0.09579612527518822
522,0.09373810232740243
523,0.09862166321143007
524,0.10117659314956051
525,0.10115821514848244
526,0.10153231348729608
527,0.09833873945858396
528,0.09966995483173058
529,0.10488530770012883
530,0.10310069359973673
531,0.0936475900245084
532,0.09423336402293181
533,0.09753506850429527
534,0.09242306784387377
535,0.09317716363622752
536,0.08629418471952044
537,0.07718561255343914
538,0.07709471311523464
539,0.09009053400686073
540,0.08923618000947786
541,0.08762446002215185
542,0.08844719920155009
543,0.08402691572367837
544,0.08897840619363917
545,0.08640788644964226
546,0.0787414314904964
547,0.07831462973718661
548,0.07641590314272206
549,0.07859809931072714
550,0.0762250242360425
551,0.07282340714940272
552,0.07193481841374028
553,0.0795575883695907
554,0.08345342774222497
555,0.0850297711992587
556,0.0875380304653468
557,0.08807018838435288
558,0.08965796360616807
559,0.08390035237122051
560,0.08881320950756644
561,0.08745251958895928
562,0.08964912767757394
563,0.09385408991159383
564,0.09396596546823122
565,0.09693826300600294
566,0.10062404908664324
567,0.10621931515134464
568,0.10356425917916146
569,0.10193198695219063
570,0.09948783286322027
571,0.1038721416492161
572,0.109058795573578
573,0.107320569112485
574,0.10339120163626969
575,0.10296099338488318
576,0.10382925363068018
577,0.1076667879031683
578,0.10554737966536876
579,0.10795523035629917
580,0.11040744110775114
581,0.11220894670397175
582,0.11231320168109882
583,0.11125276635745074
584,0.09904584996288235
585,0.09521945034727963
586,0.09988300528844074
587,0.0972804744638005
588,0.10574997732676583
589,0.10762936355720876
590,0.10077119005301571
591,0.10108727949252416
592,0.09957916328265437
593,0.10186314094083682
594,0.10297944831272487
595,0.1048219916754436
596,0.11019424680617074
597,0.11032438863140825
598,0.10591742385185698
599,0.11691819628969546
600,0.11747080868972737
601,0.11654930994699253
602,0.10992526032167627
603,0.10535291045899453
604,0.1093170012226341
605,0.10438219000362459
606,0.10659443618598674
607,0.1130392225239838
608,0.10628810389541643
609,0.1024052413104466
610,0.10785437634043382
611,0.11141331344180472
612,0.11617294111874976
613,0.11456135215058838
614,0.11482028436880709
615,0.10749918977414841
616,0.10090314992780303
617,0.1035279578259598
618,0.1044232347352172
619,0.10488594024490783
620,0.1107352304976228
621,0.11304482706183228
622,0.10497056807948413
623,0.10786263177194777
624,0.10587317756976544
625,0.10232903647288372
626,0.11264263453113554
627,0.11508713859180308
628,0.1094714217108066
629,0.1025041975254457
630,0.1023463907709612
631,0.10915136926652624
632,0.1067511782965147
633,0.10579369027451757
634,0.10055810020972733
635,0.10236367458384277
636,0.09881448822124494
637,0.09722128771670624
638,0.09973434174251339
639,0.0993829628357592
640,0.10521465159619825
641,0.1131837395900972
642,0.1202821653792212
643,0.12240948495870385
644,0.12383574493110516
645,0.12212717471009382
646,0.12512019781957817
647,0.1263780712576159
648,0.12686394438937465
649,0.12180790482556603
650,0.12088692722436467
651,0.12403135933126253
652,0.1298905596980131
653,0.13204092335803463
654,0.13940942770183762
655,0.1406977999556065
656,0.14355486963704456
657,0.14586423557266515
658,0.1424464569081636
659,0.13977559543010143
660,0.14685228663256922
661,0.15329056843568667
662,0.15983257030381304
663,0.16040021057603981
664,0.15026079044727614
665,0.150554287526538
666,0.14961948947799764
667,0.1497995304695634
668,0.14458784389195323
669,0.1467105374361155
670,0.14974839940482143
671,0.15188526213301334
672,0.15336614096520562
673,0.15114016090532179
674,0.15903086082920992
675,0.1494227412115332
676,0.14868869368492454
677,0.14684296724432566
678,0.15379092064545086
679,0.14575369328882815
680,0.14274042497481432
681,0.14336360431181627
682,0.14807760089380095
683,0.14857791033159384
684,0.13775776285006835
685,0.13767575621151562
686,0.14336362381162826
687,0.14421363207804072
688,0.13689785988638348
689,0.13374901538761663
690,0.13290783802586192
691,0.13631523491383613
692,0.13906175714534985
693,0.1401760100258589
694,0.14491325334559368
695,0.15199809190478697
696,0.1514723381872356
697,0.15314797756418153
698,0.14662988850145586
699,0.14923075556646714
700,0.1559983958339568
701,0.14901341054973827
702,0.15033589226874966
703,0.15035252079850903
704,0.15329187100599562
705,0.15396114176925946
706,0.15810657298910202
707,0.16263958744851736
708,0.1739953282074138
709,0.17761293199650918
710,0.17663996613394328
711,0.17995472786681388
712,0.18443098525692325
713,0.19162732820019124
714,0.18454119246841372
715,0.18967744780705442
716,0.18680183012798057
717,0.1837015146807559
718,0.1897135149999789
719,0.19577309213391403
720,0.1974709568553079
721,0.2033661630216499
722,0.1952099122310067
723,0.1909322325492857
724,0.1838010727480408
725,0.19374471608498411
726,0.19245416482926103
727,0.1827824738703281
728,0.1841707338982388
729,0.19868078917763277
730,0.19972812086457226
731,0.20570413341288596
732,0.20825113448388888
733,0.20334274854495282
734,0.186914285048557
735,0.1751935655033372
736,0.18347466002280322
737,0.17834599376548743
738,0.17179492886889913
739,0.17842097589214423
740,0.1762155691365983
741,0.17589875781585884
742,0.1687632406073596
743,0.16812112837739335
744,0.1740541252121841
745,0.1701310615858338
746,0.17576754247150816
747,0.16355488317098787
748,0.1672515907073464
749,0.17033957997081117
750,0.1722609332120728
751,0.18481534765383323
752,0.1889167313507163
753,0.1895827255220286
754,0.19463886719196544
755,0.20181462559758945
756,0.2001367167613457
757,0.1992525999300121
758,0.18347264607128233
759,0.16607899769783452
760,0.16977849156284952
761,0.17044711371647958
762,0.16415379278779008
763,0.16092892277689197
764,0.16224933755750603
765,0.15795863194554371
766,0.16142394105566704
767,0.1615241011848545
768,0.1673297054489684
769,0.16191812827126562
770,0.16685664360705754
771,0.1707203999058302
772,0.17149750645820871
773,0.16292588715735845
774,0.16650337753859712
775,0.1614176001932992
776,0.16201337123562243
777,0.16408372945574046
778,0.16363849678160003
779,0.16616933707350312
780,0.15201631297220586
781,0.15359149654720938
782,0.15257336112754083
783,0.1569461544047639
784,0.15485596068177387
785,0.1570466141077742
786,0.15988551366071801
787,0.16690169956052636
788,0.17362244056208098
789,0.17422304758169505
790,0.17158389006862018
791,0.1751962105687761
792,0.17340934396068985
793,0.17971140766369187
794,0.18441831112240337
795,0.18277358044489067
796,0.1868370958024408
797,0.1896219790434044
798,0.18492755619202605
799,0.18687703509873121
800,0.19135357003623477
801,0.19701880849134268
802,0.1974574075681914
803,0.19498056202127412
804,0.19011971545527806
805,0.19277686788181958
806,0.19588672777172378
807,0.20726109675061832
808,0.20872306251647132
809,0.2093695664960682
810,0.20817732608839146
811,0.2220872739733577
812,0.22208523900387944
813,0.2317426623950405
814,0.23962866851147102
815,0.24159557197093484
816,0.24423674604423495
817,0.25054585677226626
818,0.25112756110814893
819,0.23852400661081297
820,0.24578470867845859
821,0.2530169326278877
822,0.25747446690937603
823,0.2520377079221099
824,0.2543801545225255
825,0.24867712730563074
826,0.2365408568661731
827,0.2455755875347143
828,0.2440576647216952
829,0.24419842446480766
830,0.24984139430183916
831,0.2567063069483957
832,0.2626933586478426
833,0.2587681798462844
834,0.258989344785546
835,0.24318619004304898
836,0.24370186002588223
837,0.2410910600037186
838,0.23658769825215908
839,0.2344526726191074
840,0.24851277508464364
841,0.26342207134704054
842,0.2581239306575649
843,0.24905485044108766
844,0.2569322157315421
845,0.2516778034864231
846,0.24837936940534422
847,0.25084409439280786
848,0.2380994773840741
849,0.23149342361850045
850,0.2318834134176666
851,0.22234959457931192
852,0.23016637737877144
853,0.24037129760883857
854,0.23684252616720114
855,0.23939277478462806
856,0.2431207937806923
857,0.24627389747773965
858,0.24538527827467282
859,0.22829517594226378
860,0.2269358132193391
861,0.22172595591659983
862,0.22985024870229487
863,0.21741707019622036
864,0.22237075981754972
865,0.22696746205762586
866,0.2295815423399108
867,0.23164462126639385
868,0.2280611724760715
869,0.2260102884447348
870,0.20881245414768013
871,0.2000142754072738
872,0.19264780029212392
873,0.19991662183744507
874,0.19576398548708696
875,0.20057775822533008
876,0.19639111154415034
877,0.20211635021639562
878,0.20655986479418487
879,0.21232737584653005
880,0.21292356808512447
881,0.22092684937387275
882,0.22037007863699798
883,0.22477148737918196
884,0.22423375182397143
885,0.23042139859728006
886,0.2320503841302779
887,0.22713815425300132
888,0.22982296476951403
889,0.23975347319405338
890,0.24329634457451155
891,0.24540217469618186
892,0.2469477218653271
893,0.25404048919765954
894,0.26080532176168747
895,0.2655377652566826
896,0.26690571743293745
897,0.2563707851364423
898,0.260419425236595
899,0.26694049966978883
900,0.26830599783727305
901,0.27551272568232243
902,0.2642924214312685
903,0.26412777345115734
904,0.26362762047898647
905,0.27346210675616844
906,0.28456569186317515
907,0.2834679181850366
908,0.28664324922031925
909,0.27881148908133624
910,0.2799930800644852
911,0.2826562853568739
912,0.2772135032659355
913,0.26165101249695066
914,0.25739811830957526
915,0.25964125049773235
916,0.26694845309195747
917,0.2673090037901287
918,0.2676743768436769
919,0.279861443206892
920,0.2843596358840781
921,0.2818222632529779
922,0.28228995056872286
923,0.28109081087579146
924,0.28045522223393604
925,0.2881338980471655
926,0.2960731595529462
927,0.2943207056898527
928,0.30114813300609544
929,0.30022789222367474
930,0.31113682704545287
931,0.30585115112924166
932,0.31747166595639187
933,0.3199417382352394
934,0.32316516183457367
935,0.3132204712977731
936,0.3073702306598183
937,0.2931488380452103
938,0.28931057880111566
939,0.2981669520614836
940,0.3020367827470476
941,0.3018014009483485
942,0.3119428545903711
943,0.30942580722040014
944,0.3053552808265336
945,0.3073088480854802
946,0.31970193245110257
947,0.3300390924905079
948,0.3446992675809313
949,0.3363962698238885
950,0.3299962506419225
951,0.3284927816578884
952,0.3301133910207994
953,0.3419174424525173
954,0.3322883465673372
955,0.32958108197829206
956,0.34071280011211735
957,0.3414391727591317
958,0.34337681928745534
959,0.3605768594330978
960,0.36053858926399274
961,0.37453538074364134
962,0.36523305468557177
963,0.3541675592644269
964,0.3670889550324148
965,0.366955525704844
966,0.375100849151067
967,0.3738569155977043
968,0.36444236535447017
969,0.36773873539626645
970,0.35320455927596894
971,0.3357398261856286
972,0.3200980487353158
973,0.33225469418360665
974,0.33114240641049375
975,0.3458418925968334
976,0.3383567274407251
977,0.32087113124445876
978,0.3255408603353398
979,0.3316867927993876
980,0.3121093500758967
981,0.3118805560086597
982,0.29746746331664076
983,0.3009500014084052
984,0.30956950550047124
985,0.32546607669089545
986,0.3236117514806187
987,0.3167757295688849
988,0.319650532930845
989,0.32569723447518073
990,0.3257174506896272
991,0.3333194603354914
992,0.33997280040657785
993,0.324542528089631
994,0.3151264547121899
995,0.3206314125728513
996,0.31354260840953163
997,0.28930454500425995
998,0.2929816658161779
999,0.297286203999767
1000,0.29966634714779405
1001,0.3134956618839009
1002,0.3094865457721485
1003,0.307411297147419
1004,0.3183406674622351
1005,0.32589769533773394
1006,0.31975496761311195
1007,0.3233285583438412
1008,0.30794214293780975
1009,0.31190169302394555
1010,0.31699494070951295
1011,0.3282273214127569
1012,0.3297047086073157
1013,0.3346873604463325
1014,0.3377674665102277
1015,0.34102506240005903
1016,0.35239618493299796
1017,0.34316666141584706
1018,0.3476322982007385
1019,0.34384356956240314
1020,0.344006585172848
1021,0.34035412744352933
1022,0.3298433753652714
1023,0.33117092381398483
1024,0.3346402471591172
1025,0.33613752772656036
1026,0.33356665862042023
1027,0.3301650150581241
1028,0.32036097659642016
1029,0.3306233597416448
1030,0.3295847789233983
1031,0.335614581059978
1032,0.3508011342152564
1033,0.354275166092221
1034,0.34360693810617104
1035,0.35229801589248844
1036,0.3501473745236605
1037,0.35501659291086485
1038,0.3542500032638092
1039,0.3514611764717961
1040,0.36204241679250115
1041,0.3755600531694654
1042,0.36730051766826066
1043,0.38003081006857076
1044,0.395933901613271
1045,0.4029567724064822
1046,0.39838087286263746
1047,0.3873528491752962
1048,0.3867332551787934
1049,0.3913137261343793
1050,0.4057407173930876
1051,0.4110631614140132
1052,0.39630019601028255
1053,0.3944041493521493
1054,0.3926395458639511
1055,0.4058824626656108
1056,0.37946784201354644
1057,0.37187631403480936
1058,0.36201008763054077
1059,0.3545496644726933
1060,0.3486685607895823
1061,0.34065210629094467
1062,0.3317068625692876
1063,0.3397414303120392
1064,0.34855711947464485
1065,0.36186555011221655
1066,0.34975878689090134
1067,0.3468347385674748
1068,0.35182205723255033
1069,0.3402852512483183
1070,0.3401663333133882
1071,0.3464317580683205
1072,0.3575106351480608
1073,0.3612166406048969
1074,0.3437621875984209
1075,0.3345962790062118
1076,0.32975545092385494
1077,0.33159527839265746
1078,0.32904225469012593
1079,0.33846458874722374
1080,0.34368545643686343
1081,0.34709126598572104
1082,0.353155263834783
1083,0.3456891522635772
1084,0.33512632820068267
1085,0.3339612038740192
1086,0.3349308145568841
1087,0.344943367190679
1088,0.3522712989847696
1089,0.35663336535754286
1090,0.36402908524174293
1091,0.3700679602707164
1092,0.3741003404412
1093,0.3645636495104745
1094,0.37007197162792527
1095,0.3711761614575506
1096,0.380222296061171
1097,0.38394086650706916
1098,0.38257885379479384
1099,0.39209119766512335
1100,0.392091348013597
1101,0.39067690232290864
1102,0.39234269164505164
1103,0.4044439505938058
1104,0.41411564665403966
1105,0.42157764714480783
1106,0.4109616588804679
1107,0.42486466063085304
1108,0.41513695681368423
1109,0.4129623481893032
1110,0.40502961802131265
1111,0.39255206969731105
1112,0.4003676655314854
1113,0.41531125137089253
1114,0.42459117447681893
1115,0.41858180434473224
1116,0.41355703239814745
1117,0.41546237805311725
1118,0.4136245859905272
1119,0.4217517267458535
1120,0.429454050377023
1121,0.42753066659030603
1122,0.4139219737193869
1123,0.3929510289646303
1124,0.3952711109422917
1125,0.39078931323681987
1126,0.3809111331887134
1127,0.3797889090628823
1128,0.3779858673203833
1129,0.38661847846245245
1130,0.3723766511848594
1131,0.38838952704002794
1132,0.39008370257746305
1133,0.3925307296941609
1134,0.4001136102779874
1135,0.39488501874587256
1136,0.4054850048626013
1137,0.39237285066732497
1138,0.3893519730370363
1139,0.37160379390680487
1140,0.37236469523587146
1141,0.3718688517936213
1142,0.35950256456478735
1143,0.3473452529388028
1144,0.35748224865861444
1145,0.3712279354478536
1146,0.37192891178445797
1147,0.35491432350044616
1148,0.35034313140790374
1149,0.3599345570115
1150,0.366303113242028
1151,0.3793299659507412
1152,0.38439416782825053
1153,0.39014580472686067
1154,0.3932495496872557
1155,0.40355194618583345
1156,0.4062849221468452
1157,0.4146233381730784
1158,0.4166286316363166
1159,0.4138060190157966
1160,0.4110033196446521
1161,0.4074822655978245
1162,0.4134657387543068
1163,0.41926996487517565
1164,0.4222003240397738
1165,0.4318250373977095
1166,0.4115053054702109
1167,0.4083357247482784
1168,0.4074237334836879
1169,0.393572748606269
1170,0.3866854758478837
1171,0.3939975887543208
1172,0.4054041024098245
1173,0.4165681402749093
1174,0.4140614348089542
1175,0.4079489870570794
1176,0.4196912316666279
1177,0.42551867417981626
1178,0.4239734212357491
1179,0.4175630390745253
1180,0.41163415926826086
1181,0.41693560772827487
1182,0.4172978175516524
1183,0.42434869554294186
1184,0.41823440002825274
1185,0.41659293691335564
1186,0.40330372183238605
1187,0.40059836167826135
1188,0.39373232924012
1189,0.3871023106243605
1190,0.3893169573574853
1191,0.4004607313372237
1192,0.4044446322319477
1193,0.39725537146670753
1194,0.4004129435383499
1195,0.4037439730511878
1196,0.3916153172761352
1197,0.3875601603018961
1198,0.3787289008782624
1199,0.37777145018354963
1200,0.38216577355666326
1201,0.3867955429227392
1202,0.3760246191460088
1203,0.37327739227865586
1204,0.3578787756897981
1205,0.33207781799473324
1206,0.32206725275380155
1207,0.33447819013196
1208,0.31992006580567844
1209,0.31702564269641864
1210,0.3313440663633973
1211,0.32153011698907896
1212,0.3031715361482581
1213,0.3170872413915502
1214,0.31404685664961374
1215,0.3076556582131349
1216,0.31522942232332585
1217,0.3257281981390614
1218,0.32482870796402064
1219,0.32806615375753867
1220,0.32325386584987803
1221,0.2974434592226365
1222,0.29538259161703495
1223,0.3067421361100404
1224,0.3077189256689148
1225,0.3029196809570951
1226,0.3102052471261558
1227,0.30230438952009164
1228,0.30814399289157124
1229,0.31782047638349575
1230,0.3312984413632587
1231,0.3278346254881439
1232,0.32088843323958094
1233,0.3356317935403217
1234,0.32940666552984665
1235,0.32644664580974236
1236,0.3343602380196755
1237,0.3434827701434924
1238,0.33992534949117315
1239,0.3370609587860993
1240,0.32827556378101574
1241,0.3348590663003548
1242,0.33298814173351077
1243,0.33541227190914635
1244,0.34864158159719305
1245,0.3479700130276444
1246,0.3398427314627537
1247,0.34834186536310074
1248,0.35931204807226846
1249,0.3495649155962821
1250,0.34642749539707185
1251,0.3424532161610341
1252,0.3481147999296057
1253,0.3285014440788496
1254,0.3335820741846558
1255,0.3347656685047331
1256,0.34462647686119263
1257,0.34360809693063876
1258,0.34732445294264
1259,0.3515468566421862
1260,0.35827216208215806
1261,0.3686436778535065
1262,0.37372912291404825
1263,0.3779106930617795
1264,0.3721716077009347
1265,0.3719870725923575
1266,0.3704097209161794
1267,0.37168709090463836
1268,0.36966498297787886
1269,0.3671259562506404
1270,0.3652257445227476
1271,0.36990716942828983
1272,0.3736179222055296
1273,0.3702788983274665
1274,0.3532039930085462
1275,0.3619259409130473
1276,0.3534912249104083
1277,0.35101785505676775
1278,0.3500308526546654
1279,0.34618124628994473
1280,0.34919244771664415
1281,0.35289085714372703
1282,0.3514348552959716
1283,0.32802342537487283
1284,0.31173187136636216
1285,0.3216162691886917
1286,0.3204261071329444
1287,0.3137944820433445
1288,0.30438157265597043
1289,0.29663984636997265
1290,0.31109240982787556
1291,0.30578544186690015
1292,0.31112558653903366
1293,0.30771555627405744
1294,0.3209597663839052
1295,0.3203092445552911
1296,0.33527913413107036
1297,0.33395259186155
1298,0.3298658830878507
1299,0.3330716701960159
1300,0.32980540221315735
1301,0.3398220642289205
1302,0.3383641903957977
1303,0.34020851607378444
1304,0.3386753605402375
1305,0.3372998812302621
1306,0.3373109973395445
1307,0.331588351404811
1308,0.3387575705542998
1309,0.34112457321004586
1310,0.3360983837775431
1311,0.34210121425067563
1312,0.3386064843699532
1313,0.33378232180006795
1314,0.33469895088981105
1315,0.32731992735683546
1316,0.3346145516480301
1317,0.341626891717018
1318,0.3458518395460497
1319,0.35145429693823216
1320,0.35189903255152544
1321,0.34660617562796925
1322,0.34764656674473304
1323,0.3435809155692766
1324,0.3406192866852462
1325,0.3435367788303576
1326,0.3520609622305466
1327,0.35009933976013463
1328,0.3505786040305645
1329,0.34807704388531846
1330,0.349907563598034
1331,0.35039861624055635
1332,0.351234796719464
1333,0.34744387565306867
1334,0.35261589200110444
1335,0.35214373373811525
1336,0.35258520771973534
1337,0.361003562549445
1338,0.36372607970870496
1339,0.36731125089699024
1340,0.3692917704478589
1341,0.3736691579905671
1342,0.37849935980113325
1343,0.37059922475293483
1344,0.3768957837264233
1345,0.3729205587852118
1346,0.3757040348167797
1347,0.3762544355425863
1348,0.37432812214898825
1349,0.38308272183318204
1350,0.38471843351682034
1351,0.3898621449663877
1352,0.39115094317597543
1353,0.388318533116913
1354,0.3821988707497219
1355,0.37852313598194787
1356,0.3705469215602857
1357,0.3727701987215797
1358,0.3765210495183857
1359,0.3735491369649315
1360,0.38014488892051457
1361,0.3777923060889101
1362,0.37904556606313067
1363,0.3760484043136274
1364,0.37537870873660695
1365,0.3783038773665466
1366,0.38194741887475403
1367,0.3816831822330078
1368,0.38631578186707394
1369,0.38712061942160836
1370,0.38466815479145655
1371,0.3806504453030328
1372,0.38863382201289487
1373,0.3908507811020956
1374,0.3910908441809098
1375,0.38834630709213713
1376,0.39936952032372597
1377,0.40241530330957387
1378,0.409733623811287
1379,0.4042737917152823
1380,0.40745933083747654
1381,0.40034224936775287
1382,0.4071076690454205
1383,0.400694388313074
1384,0.4071328659453213
1385,0.4072229474953444
1386,0.4116170078670387
1387,0.4207373893208324
1388,0.42049691085036334
1389,0.4175590951825592
1390,0.4159139535642069
1391,0.4130633057048554
1392,0.41590274608164957
1393,0.4157217276110423
1394,0.4193439647649868
1395,0.42685013002382743
1396,0.43175518338176655
1397,0.4341670765786676
1398,0.4321444734833775
1399,0.42373793195972675
1400,0.43339997922496165
1401,0.43388234317115604
1402,0.42743117927652063
1403,0.4236347509517755
1404,0.4205548750176178
1405,0.41856650066215795
1406,0.422442893721394
1407,0.4285700589627963
1408,0.42919551877512263
1409,0.43105950814863836
1410,0.43376265271604386
1411,0.4409098026018117
1412,0.44736437525522654
1413,0.44353835751172954
1414,0.4467416767595498
1415,0.4516367872674991
1416,0.44035823690696496
1417,0.43537083675023447
1418,0.4501897730356408
1419,0.4542310038322468
1420,0.45718044044660444
1421,0.4525983059465759
1422,0.4470150352456981
1423,0.45115209458697425
1424,0.4450140026789666
1425,0.44656415133306515
1426,0.44312652409186226
1427,0.44837171742830306
1428,0.43928035409289046
1429,0.4318018090868714
1430,0.4239157290267468
1431,0.4143386027650817
1432,0.4197276110376469
1433,0.42663473069406566
1434,0.4261639819670602
1435,0.43560400659039633
1436,0.43134699627163897
1437,0.43255458999381147
1438,0.42222836184170154
1439,0.4111466431577768
1440,0.41531506117912254
1441,0.41870468308419495
1442,0.4110718432110885
1443,0.41441103195675266
1444,0.4203194772716652
1445,0.42415664257732333
1446,0.4247372876497628
1447,0.4216899629775652
1448,0.429039648163664
1449,0.42912564345929716
1450,0.4322235295556902
1451,0.44044597521234885
1452,0.44439397695556937
1453,0.4513776078977785
1454,0.4535281496378556
1455,0.4503679877662947
1456,0.4533684539811518
1457,0.45558812283075056
1458,0.45719265410687027
1459,0.45923796815545437
1460,0.461241669870994
1461,0.4634536275685286
1462,0.4612835514853013
1463,0.4703190161923112
1464,0.47202882113104705
1465,0.4702674005566996
1466,0.46376160319462967
1467,0.4605235298094832
1468,0.46356410403507464
1469,0.4628891815030316
1470,0.4640176242597538
1471,0.45996166928254056
1472,0.4541022600245923
1473,0.4576179773898319
1474,0.4542684575098659
1475,0.449972117809436
1476,0.45595124462382897
1477,0.4638410231626806
1478,0.468408677725475
1479,0.4682916912308306
1480,0.48250225815018766
1481,0.48612146110523
1482,0.4821302575962987
1483,0.4909222564707534
1484,0.4804254063504463
1485,0.4686220984318228
1486,0.4729997953127201
1487,0.4771963636947558
1488,0.48417246040029993
1489,0.4857759263298558
1490,0.48897967907142337
1491,0.47330500847524326
1492,0.48495673496766467
1493,0.4858086701064708
1494,0.4978133344124873
1495,0.49734323609027387
1496,0.5074927441179171
1497,0.508282496117834
1498,0.5170012868177469
1499,0.5141038639867437
1500,0.48613713980568884
1501,0.47788791685097176
1502,0.48190749848757997
