Date;Open;High;Low;Close
2001-11-26;91,01;91,01;91,01;91,01
2001-11-27;91,01;91,01;91,01;91,01
2001-11-28;91,01;91,01;91,01;91,01
2001-11-29;91,01;91,01;91,01;91,01
2001-11-30;91,32;91,32;91,32;91,32
2001-12-03;91,32;91,32;91,32;91,32
2001-12-04;92,64;92,64;92,64;92,64
2001-12-05;92,64;92,64;92,64;92,64
2001-12-06;94,12;94,12;94,12;94,12
2001-12-07;92,7;92,7;92,14;92,14
2001-12-10;92,14;92,14;92,14;92,14
2001-12-11;90,75;90,75;90,75;90,75
2001-12-12;90,3;90,3;90,05;90,05
2001-12-13;90,05;90,05;90,05;90,05
2001-12-14;90,05;90,05;90,05;90,05
2001-12-17;89,68;89,68;89,68;89,68
2001-12-18;90,05;90,81;90,05;90,81
2001-12-19;90,65;91,4;90,65;91,4
2001-12-20;91,4;91,4;91,4;91,4
2001-12-21;91,4;91,4;91,4;91,4
2001-12-24;93;93;93;93
2001-12-26;95,45;95,45;95,45;95,45
2001-12-27;95,45;95,45;95,45;95,45
2001-12-28;96,36;96,36;96,36;96,36
2001-12-31;95,6;95,6;95,6;95,6
2002-01-02;95,6;95,6;95,6;95,6
2002-01-03;95,6;95,6;95,6;95,6
2002-01-04;94,2;94,38;94,2;94,38
2002-01-07;94,9;94,9;94,9;94,9
2002-01-08;93,9;93,9;93,9;93,9
2002-01-09;93,89;93,89;93,89;93,89
2002-01-10;93,89;93,89;93,89;93,89
2002-01-11;93,89;93,89;93,89;93,89
2002-01-14;93,89;93,89;93,89;93,89
2002-01-15;93,89;93,89;93,89;93,89
2002-01-16;93,89;93,89;93,89;93,89
2002-01-17;93,89;93,89;93,89;93,89
2002-01-18;93,89;93,89;93,89;93,89
2002-01-22;89,2;89,2;88,55;88,57
2002-01-23;88,57;88,57;88,57;88,57
2002-01-24;88,57;88,57;88,57;88,57
2002-01-25;88,57;88,57;88,57;88,57
2002-01-28;92,6;92,6;92,6;92,6
2002-01-29;92,05;92,05;92,05;92,05
2002-01-30;92,05;92,05;92,05;92,05
2002-01-31;92,05;92,05;92,05;92,05
2002-02-01;92,05;92,05;92,05;92,05
2002-02-04;92,05;92,05;92,05;92,05
2002-02-05;92,05;92,05;92,05;92,05
2002-02-06;92,05;92,05;92,05;92,05
2002-02-07;90,6;90,6;90,6;90,6
2002-02-08;90,6;90,6;90,6;90,6
2002-02-11;90,6;90,6;90,6;90,6
2002-02-12;92,7;92,7;92,7;92,7
2002-02-13;93;93,14;93;93,14
2002-02-14;93,68;93,89;93,68;93,89
2002-02-15;93,89;93,89;93,89;93,89
2002-02-19;93,34;93,34;93,34;93,34
2002-02-20;93,34;93,34;93,34;93,34
2002-02-21;94,74;94,74;93,91;93,91
2002-02-22;93,91;93,91;93,91;93,91
2002-02-25;95,99;96,42;95,99;96,42
2002-02-26;96,78;96,78;96,78;96,78
2002-02-27;96,76;96,76;96,7;96,7
2002-02-28;97,12;97,58;97,12;97,31
2002-03-01;98;98;98;98
2002-03-04;99,19;99,95;99,19;99,95
2002-03-05;100;100;100;100
2002-03-06;100;100;100;100
2002-03-07;102,04;102,58;102,04;102,58
2002-03-08;102,8;102,8;101,65;101,65
2002-03-11;102,14;102,31;102,14;102,31
2002-03-12;102,31;102,31;102,31;102,31
2002-03-13;102,08;102,08;102,08;102,08
2002-03-14;102,08;102,08;102,08;102,08
2002-03-15;102,63;102,63;102,63;102,63
2002-03-18;103,1;103,74;103,1;103,19
2002-03-19;103,19;103,19;103,19;103,19
2002-03-20;104,1;104,65;104;104,65
2002-03-21;103,7;103,7;103;103,09
2002-03-22;103,09;103,09;103,09;103,09
2002-03-25;101,5;102,14;101,5;102,12
2002-03-26;101,75;101,75;101,75;101,75
2002-03-27;101,75;101,75;101,75;101,75
2002-03-28;101,75;101,75;101,75;101,75
2002-04-01;101,75;101,75;101,75;101,75
2002-04-02;104,44;105,29;104,44;105
2002-04-03;103,34;103,77;103,22;103,22
2002-04-04;101,83;101,83;101,64;101,64
2002-04-05;101,86;101,86;101,86;101,86
2002-04-08;102,2;102,2;101,88;101,88
2002-04-09;101,6;101,6;100,3;100,3
2002-04-10;100,3;100,3;100,3;100,3
2002-04-11;101,1;101,79;101,1;101,25
2002-04-12;100,3;100,3;98,12;98,12
2002-04-15;99,8;100,25;99,8;99,9
2002-04-16;100,47;100,65;100,47;100,65
2002-04-17;102,6;102,6;102,56;102,56
2002-04-18;103,45;103,6;103,2;103,2
2002-04-19;103,2;103,2;103,2;103,2
2002-04-22;102,5;102,5;102,2;102,2
2002-04-23;102,2;102,42;102,2;102,42
2002-04-24;101,75;101,75;100,79;100,79
2002-04-25;101,4;101,4;101,4;101,4
2002-04-26;101,3;101,3;100,08;100,3
2002-04-29;99,86;99,86;99,86;99,86
2002-04-30;100,59;100,59;100,59;100,59
2002-05-01;100,6;101,49;100,6;101,49
2002-05-02;101,69;101,7;101,69;101,7
2002-05-03;102,6;103,19;102,6;102,87
2002-05-06;101,51;101,51;100,15;100,15
2002-05-07;100,16;100,32;99,95;100,32
2002-05-08;101,31;101,31;101,31;101,31
2002-05-09;101,2;101,2;101,2;101,2
2002-05-10;101,3;101,36;100,71;101,36
2002-05-13;101,19;102;101,19;101,64
2002-05-14;103,04;103,04;102,89;102,89
2002-05-15;101,47;101,79;101,46;101,79
2002-05-16;102,28;102,28;102,28;102,28
2002-05-17;101,09;101,37;101,09;101,29
2002-05-20;101,29;101,29;101,29;101,29
2002-05-21;101,78;101,78;101,74;101,74
2002-05-22;101,85;102,32;101,85;102,32
2002-05-23;102,28;102,28;102,28;102,28
2002-05-24;102,45;102,45;102,22;102,27
2002-05-28;101,6;101,69;101,5;101,65
2002-05-29;101;101;100,7;100,7
2002-05-30;100,27;100,27;98,52;99,29
2002-05-31;100,5;100,58;100,29;100,29
2002-06-03;100,15;100,15;98,16;98,16
2002-06-04;97,17;97,31;97,17;97,31
2002-06-05;97,31;97,31;97,31;97,31
2002-06-06;96,34;96,34;96,34;96,34
2002-06-07;96;96;96;96
2002-06-10;95,11;95,11;95,11;95,11
2002-06-11;95,3;95,45;93,84;93,84
2002-06-12;94;94,68;94;94,68
2002-06-13;94,27;94,27;94,27;94,27
2002-06-14;93,67;93,67;93,67;93,67
2002-06-17;95,73;96,21;95,73;96,12
2002-06-18;96,24;96,49;96,24;96,49
2002-06-19;96,49;96,49;96,49;96,49
2002-06-20;96,13;96,13;96,13;96,13
2002-06-21;95,55;95,55;94,63;94,63
2002-06-24;95,29;95,29;95,29;95,29
2002-06-25;96,56;96,56;96,56;96,56
2002-06-26;94,6;94,6;94,56;94,56
2002-06-27;95,1;95,15;95,1;95,15
2002-06-28;95,15;95,15;95,15;95,15
2002-07-01;95,15;95,15;95,15;95,15
2002-07-02;94,44;94,44;93,25;93,26
2002-07-03;92,51;92,51;91,95;92,25
2002-07-05;93,4;93,8;93,4;93,8
2002-07-08;95,29;95,29;94,67;94,67
2002-07-09;93,7;93,7;93,7;93,7
2002-07-10;92,58;92,58;92,58;92,58
2002-07-11;88,88;88,88;88,88;88,88
2002-07-12;88,88;88,88;88,88;88,88
2002-07-15;88,88;88,88;88,88;88,88
2002-07-16;84,46;85,05;84,46;85,05
2002-07-17;86,3;86,3;85,05;85,05
2002-07-18;85,68;85,68;85,35;85,35
2002-07-19;83,85;83,85;80,6;80,6
2002-07-22;75,85;77,1;75,82;77,1
2002-07-23;75,6;75,6;73,6;73,6
2002-07-24;72,2;77,2;72,1;77,2
2002-07-25;77,8;78,35;77,69;77,69
2002-07-26;77,05;77,15;76,95;77,05
2002-07-29;82,15;82,15;82,15;82,15
2002-07-30;82,15;82,62;81,98;81,98
2002-07-31;81,65;82,7;81,65;82,7
2002-08-01;80,8;80,8;80,8;80,8
2002-08-02;80,8;80,8;80,8;80,8
2002-08-05;77,25;77,25;77,25;77,25
2002-08-06;79,2;79,2;79,1;79,1
2002-08-07;78,2;78,2;78,2;78,2
2002-08-08;78,2;78,2;78,2;78,2
2002-08-09;82;83,4;82;83,4
2002-08-12;82,65;83,73;82,65;83,73
2002-08-13;83,15;83,47;82,56;82,56
2002-08-14;82,76;83,93;81,84;83,93
2002-08-15;85,2;86,21;84,97;86,15
2002-08-16;85,3;85,45;84,65;84,65
2002-08-19;85,35;85,35;85,35;85,35
2002-08-20;84,5;84,5;84,25;84,26
2002-08-21;84,16;85,42;84,16;85,42
2002-08-22;86,5;86,5;86,5;86,5
2002-08-23;86,3;86,3;85,56;85,73
2002-08-26;85,85;87,15;85,85;87,08
2002-08-27;87,6;87,6;86,5;86,52
2002-08-28;85,67;85,67;85,35;85,35
2002-08-29;83,85;83,94;83,85;83,9
2002-08-30;83,9;84,64;83,9;84,5
2002-09-03;81,35;81,65;81,3;81,3
2002-09-04;81,2;81,4;81,2;81,34
2002-09-05;80,72;80,83;80,39;80,4
2002-09-06;82,35;82,35;81,98;81,99
2002-09-09;81,5;82,54;81,35;82,54
2002-09-10;83,29;83,3;83,05;83,3
2002-09-11;83,26;83,26;83,06;83,06
2002-09-12;82,65;82,65;81,74;81,85
2002-09-13;81,49;82;81,21;81,99
2002-09-16;81,5;81,75;81,1;81,56
2002-09-17;80,9;80,9;79,19;79,19
2002-09-18;79,1;79,41;78,32;79,2
2002-09-19;77,95;78,22;77,81;78
2002-09-20;77,5;77,79;77,25;77,57
2002-09-23;77,01;77,01;76,4;76,4
2002-09-24;75,55;75,55;74,69;74,69
2002-09-25;75,24;76,3;75,24;76,3
2002-09-26;77,31;78,5;77,3;78,45
2002-09-27;78,79;79,08;76,85;76,85
2002-09-30;75,09;75,41;75,09;75,41
2002-10-01;77,29;78,84;77,29;78,84
2002-10-02;78,01;78,03;77,16;77,16
2002-10-03;77,5;77,64;77,19;77,37
2002-10-04;76,25;76,25;76,01;76,01
2002-10-07;74,52;74,52;74,52;74,52
2002-10-08;74,81;74,81;72,85;73,93
2002-10-09;73,2;73,2;71,57;71,58
2002-10-10;71,7;73,65;71,1;73,6
2002-10-11;74,51;75,55;74,51;75,4
2002-10-14;76,15;76,15;75,91;76,08
2002-10-15;78,45;79,09;78,45;79
2002-10-16;78,5;78,5;77,95;78,15
2002-10-17;79,49;80,25;79,49;80,25
2002-10-18;79,4;80,2;79,4;80,2
2002-10-21;79,6;80,7;79,42;80,53
2002-10-22;78,43;78,53;78,43;78,44
2002-10-23;78,25;79,57;78;79,4
2002-10-24;79,66;79,66;78,3;78,32
2002-10-25;77,95;78,2;77,95;78,12
2002-10-28;78,3;79,17;77,9;78
2002-10-29;75,98;75,98;75,98;75,98
2002-10-30;77,97;78,14;77,9;78
2002-10-31;78,31;78,58;77,4;77,68
2002-11-01;79,39;79,4;79,35;79,35
2002-11-04;79,35;79,35;79,35;79,35
2002-11-05;79,65;79,65;79,3;79,3
2002-11-06;79,5;80,58;79,38;80,58
2002-11-07;79,7;79,7;78,92;78,92
2002-11-08;79,34;79,35;78,95;78,95
2002-11-11;78,5;78,5;77,58;77,58
2002-11-12;77,55;78,14;77,5;77,55
2002-11-13;76,93;77,4;75,62;75,62
2002-11-14;77,3;78,23;77,3;78,23
2002-11-15;77,95;78,15;77,95;78,15
2002-11-18;79,25;79,25;78,8;78,8
2002-11-19;79;79,25;78,8;78,8
2002-11-20;78,7;79,94;78,68;79,94
2002-11-21;80,5;81,2;80,5;81,2
2002-11-22;80,4;80,64;80,01;80,01
2002-11-25;80,01;80,39;79,74;80,39
2002-11-26;79,2;79,2;78,35;78,35
2002-11-27;80,75;80,84;80,75;80,84
2002-11-29;81,35;81,35;81,16;81,16
2002-12-02;81,5;81,65;80,8;81,65
2002-12-03;82,03;82,03;81,56;81,6
2002-12-04;80,88;80,88;80,88;80,88
2002-12-05;81,6;81,6;81,38;81,4
2002-12-06;81,5;81,94;81,35;81,94
2002-12-09;81,8;82,3;80,46;80,46
2002-12-10;80,5;81,5;80,5;81,5
2002-12-11;81,48;81,48;81,1;81,1
2002-12-12;81,35;82,34;81,35;82,34
2002-12-13;82,25;82,34;81,61;82,05
2002-12-16;82,5;83,55;82,5;83,55
2002-12-17;84;84;82,86;83
2002-12-18;82,25;82,38;81,5;81,7
2002-12-19;81,7;82;81,02;81,02
2002-12-20;81,25;82,45;81,25;82,45
2002-12-23;82,75;83,09;82,39;82,81
2002-12-24;82,95;82,95;82,27;82,4
2002-12-26;82,16;82,71;81,94;81,94
2002-12-27;81,88;81,88;80,71;81,05
2002-12-30;81,05;81,05;80,92;80,95
2002-12-31;81,17;81,39;80,16;81,39
2003-01-02;81,79;83,05;81,61;83,05
2003-01-03;83,2;83,2;82,87;83
2003-01-06;83,45;84,35;83,45;84,19
2003-01-07;83,35;83,35;81,57;81,7
2003-01-08;81;81,31;80,47;80,47
2003-01-09;80,65;81,62;80,65;81,62
2003-01-10;81,6;81,85;81,6;81,85
2003-01-13;81,75;81,75;80,99;81,44
2003-01-14;81,6;81,6;81;81,1
2003-01-15;81;81,65;80,93;81,58
2003-01-16;81,5;82,32;81,5;82,32
2003-01-17;82,1;82,2;81,76;81,83
2003-01-21;80,9;80,9;79,7;79,7
2003-01-22;79;79,74;78,39;79,59
2003-01-23;79,4;80,27;79,4;80,02
2003-01-24;79,1;79,36;78,58;78,62
2003-01-27;77,4;77,66;76,01;76,64
2003-01-28;76,35;77,4;76,35;77,4
2003-01-29;77;79,58;77;79,35
2003-01-30;79,35;79,64;78,45;78,45
2003-01-31;77,4;79,6;77,4;79,25
2003-02-03;79,25;79,65;79,25;79,63
2003-02-04;79,31;80,55;79,31;80,52
2003-02-05;80,7;80,75;79,89;80,1
2003-02-06;79,35;79,35;78,54;79
2003-02-07;79;79,11;78,3;78,3
2003-02-10;78,3;78,98;78,3;78,5
2003-02-11;79;79;78,77;78,9
2003-02-12;78,6;78,6;77,3;77,3
2003-02-13;77,35;77,4;76,7;76,85
2003-02-14;77,35;77,6;77,35;77,54
2003-02-18;78,3;79,12;78,3;78,72
2003-02-19;78,89;78,99;78,89;78,99
2003-02-20;79,13;79,14;78,92;78,92
2003-02-21;79;80,58;79;80,5
2003-02-24;80,92;81,1;80,75;81
2003-02-25;81,06;81,06;80,05;80,6
2003-02-26;80,2;80,36;80,16;80,36
2003-02-27;80,64;80,77;80,12;80,16
2003-02-28;80,3;80,74;80,3;80,74
2003-03-03;81,14;81,15;80,79;81
2003-03-04;80,52;80,66;80,14;80,14
2003-03-05;80,65;80,69;80,4;80,69
2003-03-06;80,35;80,59;80,02;80,29
2003-03-07;79,9;80,45;79,71;80,45
2003-03-10;80,35;80,35;78,91;78,92
2003-03-11;78,9;79,45;78,63;78,63
2003-03-12;76,9;76,9;76,17;76,84
2003-03-13;77,55;77,61;77,21;77,61
2003-03-14;77,5;77,86;77,5;77,71
2003-03-17;78,25;79,31;78,25;79,12
2003-03-18;78,39;79,87;78,39;79,87
2003-03-19;80,25;80,25;79,83;79,9
2003-03-20;80,15;80,98;79,7;80,98
2003-03-21;80,8;80,8;80,31;80,62
2003-03-24;80,45;80,45;78,85;78,85
2003-03-25;79,41;80,42;79,41;79,95
2003-03-26;80,12;80,12;79,53;79,53
2003-03-27;79,28;80,16;79,28;79,98
2003-03-28;79,85;79,85;79,85;79,85
2003-03-31;79,5;79,71;79,31;79,33
2003-04-01;80,1;80,69;80,1;80,69
2003-04-02;80,14;80,31;80,14;80,31
2003-04-03;80,65;80,65;79,41;79,45
2003-04-04;79,8;80,14;79,6;79,83
2003-04-07;80,2;80,63;79,59;79,59
2003-04-08;79,15;79,34;79,02;79,05
2003-04-09;79,46;79,46;79;79,22
2003-04-10;79,28;79,8;79,28;79,8
2003-04-11;79,95;79,95;79,26;79,63
2003-04-14;79,59;79,86;79,59;79,86
2003-04-15;79,84;80,19;79,83;80,19
2003-04-16;79,7;79,89;79,35;79,4
2003-04-17;80,23;80,76;80,23;80,76
2003-04-21;80,8;81,25;80,8;81,09
2003-04-22;81,39;82,27;81,39;82,15
2003-04-23;82,3;82,39;81,6;82,09
2003-04-24;81,5;81,88;81,21;81,47
2003-04-25;80,38;80,62;80,38;80,5
2003-04-28;80,56;81,02;80,56;80,84
2003-04-29;80,7;80,96;80,12;80,19
2003-04-30;79,95;80,73;79,95;80,45
2003-05-01;80,84;80,84;80,23;80,39
2003-05-02;80,91;82,15;80,91;82,09
2003-05-05;82,22;82,71;82,22;82,65
2003-05-06;83,24;83,38;82,81;82,81
2003-05-07;82,85;83,5;82,63;83,5
2003-05-08;82,95;83,78;82,76;83,29
2003-05-09;83,5;84,04;83,34;84,04
2003-05-12;84,25;85,24;84,25;84,95
2003-05-13;84,87;85,53;84,84;85,53
2003-05-14;85,65;85,73;85,28;85,73
2003-05-15;86,15;86,15;85,86;85,98
2003-05-16;86,23;86,34;86,11;86,34
2003-05-19;85,9;85,9;85,5;85,5
2003-05-20;85,75;85,79;84,85;85,06
2003-05-21;86,09;87,37;86,09;87,37
2003-05-22;87,3;87,46;87,14;87,44
2003-05-23;87,38;87,94;87,38;87,94
2003-05-27;87,4;89,58;87,4;89,58
2003-05-28;89,1;89,11;88,46;88,79
2003-05-29;88,6;88,6;88,03;88,06
2003-05-30;88,1;89,04;88,1;89,03
2003-06-02;89,65;90,35;89,65;90,04
2003-06-03;90;90,22;89,57;90,22
2003-06-04;90;91,32;90;91,22
2003-06-05;90,55;91,45;90,51;91,45
2003-06-06;91,4;91,91;91,4;91,54
2003-06-09;90,48;90,59;90,21;90,5
2003-06-10;91,12;91,12;90,61;91,09
2003-06-11;91,4;93,62;91,4;93,62
2003-06-12;93,65;93,96;92,76;93,17
2003-06-13;91,93;91,93;91,3;91,64
2003-06-16;91,5;91,75;90,96;91,75
2003-06-17;91;91,51;91;91,21
2003-06-18;90,85;90,87;90,74;90,76
2003-06-19;90,73;91,3;90,61;90,98
2003-06-20;91,14;91,14;90,43;90,59
2003-06-23;90,11;90,11;89,48;89,89
2003-06-24;89,87;89,95;89,47;89,71
2003-06-25;89,7;90,66;89,7;90
2003-06-26;89,3;89,54;89,23;89,54
2003-06-27;89,32;89,81;89;89
2003-06-30;89;89,52;88,72;89,2
2003-07-01;88,6;88,6;87,94;88,57
2003-07-02;88,65;88,98;88,65;88,98
2003-07-03;88,73;89,05;88,55;89,05
2003-07-07;88,6;88,93;88,32;88,57
2003-07-08;88,1;88,1;87,76;88,05
2003-07-09;88,23;88,5;88,06;88,17
2003-07-10;87,6;87,6;86,7;87,04
2003-07-11;87,07;87,63;87,07;87,3
2003-07-14;87,56;87,74;87;87
2003-07-15;86,55;86,55;85,74;85,74
2003-07-16;85,78;85,78;85,45;85,45
2003-07-17;85,79;86,3;85,79;86,04
2003-07-18;86,72;87,42;86,72;87,42
2003-07-21;87,67;87,67;86,8;86,88
2003-07-22;87,28;87,28;87,28;87,28
2003-07-23;87,8;87,8;87,27;87,27
2003-07-24;87,8;88,44;87,15;87,15
2003-07-25;87,34;87,54;87,34;87,54
2003-07-28;87,85;88,08;87,77;88,04
2003-07-29;86,88;87,04;86,59;87,04
2003-07-30;86,57;86,57;86,56;86,56
2003-07-31;86,95;87,86;86,61;86,9
2003-08-01;87,05;87,05;86,32;86,64
2003-08-04;86,75;86,75;85,85;86,41
2003-08-05;86,6;86,88;85,97;85,97
2003-08-06;86,18;86,71;86,18;86,71
2003-08-07;86,96;88,39;86,83;88,39
2003-08-08;88,83;89,17;88,83;89,17
2003-08-11;89,4;90,39;89,4;90,34
2003-08-12;90,4;90,4;89,72;90,21
2003-08-13;90,5;90,91;90,3;90,61
2003-08-14;90,95;91,22;90,63;90,71
2003-08-15;91;91;91;91
2003-08-18;91,15;91,42;91,05;91,33
2003-08-19;91,15;91,28;90,82;91,19
2003-08-20;91;91,84;91;91,67
2003-08-21;91,86;92,13;91,76;91,99
2003-08-22;91,99;91,99;91,01;91,01
2003-08-25;91;91;90,31;90,31
2003-08-26;90,5;90,64;89,68;90,64
2003-08-27;90,85;91,11;90,85;91,11
2003-08-28;90,91;92,14;90,91;92,14
2003-08-29;92,27;92,49;91,92;92,39
2003-09-02;92,4;92,65;91,96;92,47
2003-09-03;92,85;93,05;92,83;93,04
2003-09-04;92,96;92,99;92,77;92,9
2003-09-05;92,78;92,92;92,3;92,46
2003-09-08;92,68;93,64;92,68;93,54
2003-09-09;93,4;93,49;93,1;93,21
2003-09-10;92,9;92,9;92,25;92,25
2003-09-11;92,5;92,5;92;92,32
2003-09-12;92,24;92,49;91,85;92,49
2003-09-15;92,1;92,1;91,37;91,59
2003-09-16;91,42;91,85;91,42;91,85
2003-09-17;92;92;91,1;91,1
2003-09-18;91;91,28;90,6;91,28
2003-09-19;91,52;91,8;91,52;91,6
2003-09-22;91,85;91,85;91,35;91,55
2003-09-23;91,7;92,02;91,55;91,85
2003-09-24;92,64;93,01;92,1;92,41
2003-09-25;92,55;92,55;91,34;91,34
2003-09-26;90,65;90,65;89,64;90,1
2003-09-29;89,9;90,54;89,81;90,43
2003-09-30;90,65;90,85;89,59;90,5
2003-10-01;90,82;91,61;90,82;91,61
2003-10-02;91,5;92,32;91,5;92,32
2003-10-03;92,78;93,17;92,75;92,82
2003-10-06;93;93,4;92,9;93,4
2003-10-07;93,2;93,8;92,82;93,8
2003-10-08;93,83;94,18;93,49;93,5
2003-10-09;93,8;93,82;93,26;93,26
2003-10-10;93,65;94,48;93,65;94,35
2003-10-13;94,6;94,98;94,52;94,97
2003-10-14;94,9;94,9;94,16;94,85
2003-10-15;94,95;94,95;93,62;93,95
2003-10-16;94;94,71;94;94,45
2003-10-17;94,55;94,55;93,58;93,72
2003-10-20;93,75;93,75;93,12;93,57
2003-10-21;93,65;94,19;93,59;94,18
2003-10-22;93,9;93,9;92,86;92,86
2003-10-23;92,5;92,79;91,93;92,79
2003-10-24;92,34;92,48;92,01;92,23
2003-10-27;92,43;92,7;92,26;92,38
2003-10-28;92,6;92,6;92;92,59
2003-10-29;92,95;92,99;92,54;92,9
2003-10-30;92,61;92,61;92,11;92,38
2003-10-31;92,4;93,51;92,4;93,51
2003-11-03;93,6;93,98;93,01;93,13
2003-11-04;93,05;93,29;92,88;93,05
2003-11-05;92,81;92,93;92,6;92,75
2003-11-06;92,9;93,09;92,28;92,95
2003-11-07;93;93,8;93;93,65
2003-11-10;93,65;93,7;93;93
2003-11-11;92,95;93;92,49;92,8
2003-11-12;92,81;93,85;92,81;93,85
2003-11-13;93,95;94,64;93,95;94,61
2003-11-14;94,75;95,18;94,37;94,72
2003-11-17;94,4;94,4;93,16;93,5
2003-11-18;93,82;93,89;93,6;93,63
2003-11-19;93,5;93,87;93,5;93,87
2003-11-20;93,42;94,15;93,38;93,5
2003-11-21;93,75;93,79;93,2;93,3
2003-11-24;93,6;93,74;93,29;93,65
2003-11-25;93,8;94,49;93,8;94,49
2003-11-26;94,9;95,35;94,66;95,3
2003-11-28;95,37;95,52;95,3;95,52
2003-12-01;96;96,8;95,9;96,8
2003-12-02;96,8;97,61;96,59;97,44
2003-12-03;97,6;97,87;97,17;97,44
2003-12-04;97,5;99,07;97,3;99,07
2003-12-05;99,07;99,46;98,81;99,39
2003-12-08;99,59;100,64;99,4;100,64
2003-12-09;101,29;101,29;100,42;100,61
2003-12-10;100,54;100,54;99,43;99,81
2003-12-11;99,65;100,53;99,24;100,49
2003-12-12;100,7;101,53;100,65;101,53
2003-12-15;101,17;101,17;100,04;100,27
2003-12-16;100,6;100,95;100,6;100,95
2003-12-17;101,05;102,15;100,95;102,15
2003-12-18;102,5;104,86;102,49;104,6
2003-12-19;104,8;104,8;104;104,4
2003-12-22;104,6;104,81;104,42;104,78
2003-12-23;104,9;104,98;103,76;104,44
2003-12-24;104,5;105,44;104,49;105,27
2003-12-26;105,3;105,84;105,3;105,83
2003-12-29;105,95;107,31;105,95;107,25
2003-12-30;107,4;107,84;107,3;107,32
2003-12-31;107,95;108;106,75;106,81
2004-01-02;107,45;107,7;106,85;107,01
2004-01-05;108;109,2;108;109,2
2004-01-06;109,45;109,48;108,6;108,95
2004-01-07;108,35;108,35;107,05;107,45
2004-01-08;107,48;108,03;106,84;107,99
2004-01-09;106,59;108,21;106,28;107,7
2004-01-12;107,9;107,9;107,21;107,5
2004-01-13;107,9;108,18;107,01;107,01
2004-01-14;107;107;106,02;106,55
2004-01-15;107,1;107,15;105;105,04
2004-01-16;104,75;105,44;104,47;105,44
2004-01-20;106,6;108,11;106,36;107,95
2004-01-21;108;108,81;107,9;108,63
2004-01-22;108,9;108,9;107,76;108,04
2004-01-23;108,2;108,66;107,62;107,84
2004-01-26;107,8;108,32;107,32;108,32
2004-01-27;108,5;108,76;108,01;108,2
2004-01-28;108;108,3;106,09;106,45
2004-01-29;106,7;106,7;104,55;105,07
2004-01-30;105,1;105,1;104,34;104,98
2004-02-02;104,8;105,6;104,09;105,07
2004-02-03;105,2;105,47;104,7;105,32
2004-02-04;105,05;105,05;103,87;103,99
2004-02-05;103,9;104,21;103,14;103,63
2004-02-06;103,95;104,69;103,56;104,62
2004-02-09;105,81;106,42;105,81;106,14
2004-02-10;106,35;107,4;106,1;107,24
2004-02-11;107,3;108,92;107,1;108,7
2004-02-12;108,7;109,31;108,45;108,8
2004-02-13;109;109;107,95;108,43
2004-02-17;109,4;109,78;109,37;109,72
2004-02-18;109,9;109,9;108,07;108,07
2004-02-19;108,75;109,12;108,16;108,65
2004-02-20;108,95;108,95;107,21;108,06
2004-02-23;108,35;108,46;108,01;108,23
2004-02-24;108,09;109,13;108,09;108,87
2004-02-25;108,87;109,38;108,74;109,35
2004-02-26;109,4;110,14;109;110
2004-02-27;110,25;110,99;110;110,81
2004-03-01;111,35;113,13;111,35;113,05
2004-03-02;113,05;113,12;111,72;111,84
2004-03-03;111,4;111,84;110,52;111,72
2004-03-04;111,55;111,73;111;111,5
2004-03-05;112,1;113;112,1;112,78
2004-03-08;113,45;113,58;112,47;112,47
2004-03-09;112,3;112,45;111,19;111,66
2004-03-10;111,65;111,65;108,9;109
2004-03-11;108,51;109,29;107,39;107,5
2004-03-12;107,97;109,07;107,7;109,07
2004-03-15;109,05;109,4;108,35;108,49
2004-03-16;109,15;109,16;107,85;108,66
2004-03-17;109,2;110,38;108,87;110,35
2004-03-18;110,65;111,15;110,18;110,87
2004-03-19;111;111,12;109,63;109,63
2004-03-22;109,24;109,24;108,05;108,26
2004-03-23;108,69;108,69;106,97;107,86
2004-03-24;107,5;107,61;105,48;105,59
2004-03-25;106;106,25;105,66;106,25
2004-03-26;106,8;107,85;106,63;107,18
2004-03-29;107,77;108,3;107,77;107,95
2004-03-30;108,36;110,28;108,36;110
2004-03-31;110,6;110,67;109,4;110,49
2004-04-01;110,8;110,91;109,43;109,78
2004-04-02;110,08;110,68;109,8;110,68
2004-04-05;110,81;110,99;110,34;110,99
2004-04-06;111,29;111,4;110,62;111,1
2004-04-07;110,84;111,28;110,25;111,04
2004-04-08;111,48;111,56;110,71;111,17
2004-04-12;111,75;112,8;111,75;112,69
2004-04-13;113;113;110,93;111,13
2004-04-14;109,89;111,08;109,85;110,43
2004-04-15;111,01;112,21;111,01;112,21
2004-04-16;112,4;113,29;112,35;113,19
2004-04-19;113,44;113,6;112,51;112,99
2004-04-20;112,6;112,62;109,76;109,76
2004-04-21;109,51;109,74;109;109,59
2004-04-22;109,25;111,95;109,25;111,92
2004-04-23;111,55;111,55;110,54;111,03
2004-04-26;112,06;112,32;111,32;111,32
2004-04-27;111,4;113,23;111,4;112,71
2004-04-28;111,8;111,8;109,88;109,88
2004-04-29;110,4;110,5;107,51;108,15
2004-04-30;108,85;109,05;107,99;108,38
2004-05-03;108,18;110,25;108,18;110,25
2004-05-04;111;111,67;110,25;111,09
2004-05-05;110,5;111,49;110;111,49
2004-05-06;111,25;111,25;109,4;110,57
2004-05-07;110;110;107,26;107,3
2004-05-10;105,5;105,75;103,93;104,92
2004-05-11;105,74;106,31;105,6;106,31
2004-05-12;106,95;107,15;105,61;107,15
2004-05-13;107,4;107,42;106,6;106,8
2004-05-14;107,6;108,59;107,1;107,99
2004-05-17;107,8;108,14;107,35;107,5
2004-05-18;107,6;107,63;106,13;106,48
2004-05-19;107,5;108,27;106,51;106,67
2004-05-20;107,19;107,19;106,4;106,63
2004-05-21;107,2;107,3;106,1;106,14
2004-05-24;106,6;108,57;106,6;108,57
2004-05-25;109,35;110,6;109,35;110,6
2004-05-26;110,85;110,87;109,44;109,86
2004-05-27;110,26;110,26;108,7;109,1
2004-05-28;109,1;109,26;109,06;109,06
2004-06-01;110,4;110,47;109,84;110,27
2004-06-02;110,55;110,75;109,8;110,2
2004-06-03;110,45;110,56;109;109
2004-06-04;109;109,1;108,54;108,83
2004-06-07;109,6;110,84;109,52;110,84
2004-06-08;111,09;111,32;110,01;110,29
2004-06-09;109,45;109,46;108,61;108,93
2004-06-10;109,5;110,3;109,5;109,98
2004-06-14;109,4;109,4;108,71;108,81
2004-06-15;110;111,03;110;110,73
2004-06-16;111,99;112,56;111,61;112,32
2004-06-17;113,25;113,76;112,59;113,59
2004-06-18;114,3;114,41;114,05;114,23
2004-06-21;114,25;114,25;113,69;114,07
2004-06-22;113,6;114,3;113,22;114,3
2004-06-23;114,9;115,94;114,32;115,9
2004-06-24;116,6;116,6;115,58;115,81
2004-06-25;115,8;116,16;115,17;115,35
2004-06-28;114,8;114,8;113,18;113,47
2004-06-29;113,5;113,79;113,5;113,75
2004-06-30;114,12;114,99;113,81;114,99
2004-07-01;114,8;114,99;114,12;114,6
2004-07-02;114,8;115,21;114,6;114,98
2004-07-06;115,36;115,75;114,99;115,46
2004-07-07;115,49;116,15;115,02;116,06
2004-07-08;115,96;116,25;115,61;115,85
2004-07-09;116,44;116,6;115,69;116,6
2004-07-12;116,45;116,45;115,6;115,97
2004-07-13;115,64;115,64;114,76;115,51
2004-07-14;115,25;116,59;115,25;116,59
2004-07-15;116,65;117,41;116,5;117,15
2004-07-16;118,05;118,61;117,72;118,39
2004-07-19;118,05;118,42;117,49;117,98
2004-07-20;117,53;117,59;117;117,44
2004-07-21;117,42;117,88;115,32;115,32
2004-07-22;115,64;115,7;114,89;115,45
2004-07-23;115,15;115,15;114,27;114,51
2004-07-26;114,6;114,88;112,7;113,25
2004-07-27;112,7;114,74;112,62;114,74
2004-07-28;115,15;115,78;114,28;115,7
2004-07-29;116,1;116,71;115,55;116,62
2004-07-30;117,1;117,28;116,72;117,21
2004-08-02;117,1;117,1;115,79;117
2004-08-03;117,57;118,13;117,57;117,7
2004-08-04;117,65;117,65;115,7;115,73
2004-08-05;115,6;115,6;113,7;113,7
2004-08-06;113,7;113,7;111,57;111,7
2004-08-09;112,22;113,75;112,22;113,21
2004-08-10;113,21;114,08;113,07;113,09
2004-08-11;112,95;112,95;111,73;112,27
2004-08-12;112,72;112,72;111,11;111,17
2004-08-13;112;112,63;111,71;112,3
2004-08-16;112,55;113,64;112,55;113,56
2004-08-17;113,4;113,4;111,88;112,07
2004-08-18;112,7;113,2;112,35;113,2
2004-08-19;113,55;114,34;113,48;114,01
2004-08-20;114,68;115,72;114,68;114,97
2004-08-23;114,93;115;113,22;113,22
2004-08-24;113,23;113,42;112,13;112,74
2004-08-25;112,81;113,35;112,81;113,35
2004-08-26;113,32;114,12;112,77;114,03
2004-08-27;114,6;115;114,6;114,94
2004-08-30;115,4;115,4;114,1;114,2
2004-08-31;114,77;115,76;114,62;115,76
2004-09-01;116,1;117,62;116,1;117,42
2004-09-02;117,99;118,62;117,76;118,62
2004-09-03;117,87;118,48;117,62;118,48
2004-09-07;118,23;118,23;117,4;117,92
2004-09-08;117,67;118,49;117,67;118,17
2004-09-09;118,2;119,71;118,2;119,45
2004-09-10;119,2;119,2;118,25;118,62
2004-09-13;119,4;119,49;119,17;119,3
2004-09-14;119,3;119,96;119,16;119,54
2004-09-15;119,55;120;119,22;119,25
2004-09-16;119,44;119,92;119,4;119,74
2004-09-17;120,55;121,21;120,12;121,1
2004-09-20;121,35;122,15;121,34;121,34
2004-09-21;122,1;124,36;122,1;124,23
2004-09-22;123,5;123,79;123,03;123,45
2004-09-23;122,85;122,95;122,1;122,57
2004-09-24;122,95;124,07;122,9;123,83
2004-09-27;123,65;124,15;123,14;123,55
2004-09-28;124,95;125,89;124,86;125,65
2004-09-29;125,4;125,53;124,1;124,8
2004-09-30;125,02;125,86;125,02;125,78
2004-10-01;125,9;127,31;125,9;127,31
2004-10-04;126,56;127,15;126,49;126,84
2004-10-05;127,5;128,53;127,5;128,21
2004-10-06;128,83;130,4;128,83;130,4
2004-10-07;131,05;131,41;129,25;129,37
2004-10-08;129,72;130,12;129;129,56
2004-10-11;130,07;130,07;128,07;128,34
2004-10-12;128,19;128,25;126,92;126,92
2004-10-13;125,1;125,24;123,01;124,28
2004-10-14;124,84;125,94;124,84;125,36
2004-10-15;126,2;126,2;125,44;125,79
2004-10-18;125,84;125,84;124,24;124,24
2004-10-19;123,55;124,5;123,33;123,47
2004-10-20;124,3;126,26;124,3;126,26
2004-10-21;126,66;127,59;126,44;127,3
2004-10-22;127,73;128,09;127,14;127,14
2004-10-25;127,17;127,93;126,82;127,53
2004-10-26;127,7;128,43;127,15;128,43
2004-10-27;128,9;129,05;126;126,48
2004-10-28;126;126,3;124,21;124,36
2004-10-29;125,12;126,23;124,94;126,09
2004-11-01;127;127,23;125,07;125,35
2004-11-02;125,5;125,55;123,82;123,99
2004-11-03;125,7;126,99;125,19;126,95
2004-11-04;127,28;128,23;127,28;128,2
2004-11-05;128,41;129,11;128,01;128,96
2004-11-08;128,65;128,65;127,09;127,2
2004-11-09;127,17;127,56;126,7;126,81
2004-11-10;127,15;128,37;126,32;128,19
2004-11-11;127,6;128,32;127,6;128,32
2004-11-12;128,27;130,62;128,21;130,55
2004-11-15;130,5;130,5;127,57;128,17
2004-11-16;128,35;128,77;128,05;128,07
2004-11-17;129,2;129,8;128,84;129,5
2004-11-18;129,48;130,11;129,32;130,11
2004-11-19;130,2;131,64;130,2;131,44
2004-11-22;131,91;133,03;131,6;132,98
2004-11-23;133,3;134,07;133,09;133,33
2004-11-24;134,05;134,81;133,23;134,77
2004-11-26;135,63;136,61;135,63;136,29
2004-11-29;136,39;136,45;134,44;135,3
2004-11-30;135,78;135,84;135;135,19
2004-12-01;135;135,16;132,74;133,17
2004-12-02;132,17;132,17;128,77;129,36
2004-12-03;128,61;130,58;128,61;130,1
2004-12-06;130,3;130,41;129,24;130,21
2004-12-07;130;130;127,4;127,59
2004-12-08;126,05;127,78;125,22;127,63
2004-12-09;127,41;128,69;127,01;128,37
2004-12-10;128,9;129,06;127,47;127,54
2004-12-13;128,3;129,57;128,27;129,43
2004-12-14;129,55;130,11;129,01;129,9
2004-12-15;130,49;131,55;129,9;131,3
2004-12-16;130,83;130,88;129,7;130
2004-12-17;130;130,46;129,8;130,25
2004-12-20;130,96;131,42;130,76;131,14
2004-12-21;131,28;132,32;131,17;132,32
2004-12-22;132,56;132,6;130,07;130,7
2004-12-23;131,33;131,72;131,1;131,6
2004-12-27;131,32;131,32;129,86;129,86
2004-12-28;130;130,72;130;130,69
2004-12-29;130,7;131,49;130,26;131,35
2004-12-30;131,02;131,43;130,98;131,01
2004-12-31;131,25;131,82;131,25;131,29
2005-01-03;130,43;130,43;127,03;127,49
2005-01-04;127,71;127,84;126,14;126,28
2005-01-05;126,4;126,74;125,01;125,2
2005-01-06;125,4;127,33;125,2;126,77
2005-01-07;126,78;126,92;125;126,14
2005-01-10;127,14;127,98;126,83;127,21
2005-01-11;127,09;127,54;126,28;126,95
2005-01-12;127,4;128,9;127,12;128,9
2005-01-13;129,03;130,54;128,98;129,36
2005-01-14;129,5;130,21;129,25;130,19
2005-01-18;130,77;131,15;130,37;130,94
2005-01-19;131,15;131,32;130,39;130,39
2005-01-20;129,5;129,89;128,33;129,2
2005-01-21;130;131;129,79;129,79
2005-01-24;130,79;131,57;130,58;130,58
2005-01-25;131,06;131,43;130,09;130,57
2005-01-26;131,25;132,08;130,85;131,87
2005-01-27;131,5;133,21;131,5;132,7
2005-01-28;132,3;132,3;131,01;131,67
2005-01-31;131,15;133,2;130,86;132,91
2005-02-01;133,9;134,82;133,46;134,77
2005-02-02;134,9;136,49;134,9;136,44
2005-02-03;135,49;136,3;134,85;136,21
2005-02-04;136,36;137,08;136,01;137,08
2005-02-07;136,9;137,11;135,1;135,8
2005-02-08;135,7;136,71;135,11;136,55
2005-02-09;136,3;137,05;135,22;136,24
2005-02-10;137,15;139,67;137;139,32
2005-02-11;139,7;141,37;139,1;140,87
2005-02-14;141,25;141,4;140,71;140,9
2005-02-15;141,1;141,62;140,5;141,15
2005-02-16;141,82;144,7;141,67;144,5
2005-02-17;145,06;145,74;143,32;143,32
2005-02-18;144,22;146,19;144,22;145,8
2005-02-22;146,79;147,94;145,37;145,49
2005-02-23;145,7;146,98;145,26;146,98
2005-02-24;146,7;148,58;146,2;148,58
2005-02-25;148,75;152,09;148,75;151,57
2005-02-28;152,7;153,42;148,15;150,7
2005-03-01;150,28;150,7;148,06;148,43
2005-03-02;148,3;150,26;148,02;150,09
2005-03-03;151;152,15;150,51;151,9
2005-03-04;152,65;155,22;152,27;154,87
2005-03-07;154,9;154,9;152,38;153,6
2005-03-08;154,08;154,64;153,6;153,6
2005-03-09;154,06;155,24;150,37;150,5
2005-03-10;150,5;150,5;146,86;147,91
2005-03-11;147,87;150,13;147,87;149,04
2005-03-14;149,38;149,98;147,4;149,6
2005-03-15;150,49;151,08;148,14;148,4
2005-03-16;147,9;150;147,35;148,48
2005-03-17;149,47;150,66;149,21;150,42
2005-03-18;150,49;151,48;150,49;151,4
2005-03-21;151,15;151,27;149,31;149,9
2005-03-22;150,5;151,94;148,13;148,42
2005-03-23;146,72;146,89;144,62;144,83
2005-03-24;146,21;146,75;144,31;145,11
2005-03-28;144,46;144,92;143,4;144,3
2005-03-29;144,54;145,97;142,29;142,29
2005-03-30;143,2;143,81;140,73;143,81
2005-03-31;146,77;147,26;146,12;146,81
2005-04-01;148,4;149,65;147,67;149,65
2005-04-04;149,89;150,38;147,72;148,65
2005-04-05;148,8;149,01;146,74;147,21
2005-04-06;147,2;149,67;146,86;149,6
2005-04-07;150,55;150,9;148,38;149,15
2005-04-08;148,6;149,19;146,71;146,81
2005-04-11;147,06;147,76;145,85;147,5
2005-04-12;146,88;147,01;144,54;145,25
2005-04-13;144,25;145,2;141,77;142
2005-04-14;142,65;142,65;140,24;140,24
2005-04-15;139,82;140,42;135,96;136,1
2005-04-18;135,9;138,44;135,32;138,25
2005-04-19;139,61;141,87;139,61;141,65
2005-04-20;141,4;142,36;138,87;138,87
2005-04-21;139,57;142,15;139,15;142,15
2005-04-22;142,25;143,93;141,14;142,44
2005-04-25;144,35;145,02;143,63;144,1
2005-04-26;144,25;144,25;142,43;142,51
2005-04-27;142,25;142,25;138,85;139,15
2005-04-28;138,25;138,25;136,56;137,11
2005-04-29;138,69;138,69;136,81;137,8
2005-05-02;138;140,4;137,67;140,4
2005-05-03;140,25;140,25;137,81;137,81
2005-05-04;139;140,05;137,84;140
2005-05-05;140,75;141,73;140,35;141
2005-05-06;142;142,44;140,9;141,15
2005-05-09;141,6;142,5;141,23;142,5
2005-05-10;142,25;142,36;140,01;140,2
2005-05-11;140,3;140,5;139,24;140,5
2005-05-12;140,35;140,35;134,93;135,01
2005-05-13;134,8;135,36;131,9;132,79
2005-05-16;132,05;132,45;130,42;132,39
2005-05-17;132,33;134,9;132,33;134,9
2005-05-18;136,2;137,08;134,74;135,35
2005-05-19;135,1;137;135,1;137
2005-05-20;136,31;137,08;135,74;135,85
2005-05-23;136,15;138,23;136,15;137,9
2005-05-24;138,01;138,74;137,92;138,6
2005-05-25;138,74;140,29;137,77;139,82
2005-05-26;140,4;140,72;140;140,7
2005-05-27;141,4;142,87;140,99;142,79
2005-05-31;141,85;142,38;140,65;141,75
2005-06-01;142,2;144,63;142,15;143,99
2005-06-02;144,05;144,95;143,3;144,17
2005-06-03;144,2;145,36;144,01;144,91
2005-06-06;145,1;145,5;144,35;145,15
2005-06-07;145;146,07;144,11;144,11
2005-06-08;144,13;146,44;143,75;144,48
2005-06-09;72,45;73,74;72,23;73,74
2005-06-10;73,98;74,08;73,31;74
2005-06-13;74;74,6;73,51;74,48
2005-06-14;74,1;74,9;74,1;74,84
2005-06-15;75,3;75,83;75,1;75,83
2005-06-16;76,15;76,94;76,05;76,84
2005-06-17;78,05;78,17;77,36;77,7
2005-06-20;78,37;78,49;77,65;77,9
2005-06-21;77,45;77,8;76,44;76,44
2005-06-22;76,75;77,09;75,91;76,99
2005-06-23;76,7;77,85;76,5;76,7
2005-06-24;77,15;77,16;76,17;76,3
2005-06-27;76,8;77,54;76,8;77,28
2005-06-28;77,35;77,68;76,54;76,57
2005-06-29;76,65;76,83;75,95;76,35
2005-06-30;76,2;76,97;75,88;75,88
2005-07-01;76,21;77,51;76,21;77,27
2005-07-05;77,9;79,26;77,86;79,24
2005-07-06;79,72;79,82;78,3;78,45
2005-07-07;77,85;79,15;77,5;79,14
2005-07-08;79,65;79,88;78,57;79,08
2005-07-11;79,39;79,63;78,49;79,63
2005-07-12;79,42;80,49;79,4;80,17
2005-07-13;80;80,35;79,41;79,6
2005-07-14;80,45;80,45;77,61;77,98
2005-07-15;78,1;78,31;77,34;77,41
2005-07-18;77,41;77,6;77;77,38
2005-07-19;77,5;78,69;77,38;78,69
2005-07-20;78,65;79,05;78,05;79,01
2005-07-21;78,9;79,1;77,94;78,59
2005-07-22;79,08;80,63;79,08;80,63
2005-07-25;80,85;81,65;80,3;80,97
2005-07-26;80,98;81,23;80,27;80,75
2005-07-27;80,9;81,19;80,09;81,1
2005-07-28;81,6;81,75;80,74;81,46
2005-07-29;81,89;82;80,84;80,84
2005-08-01;81,57;82,14;81,4;81,75
2005-08-02;82,02;83,25;82,02;83,25
2005-08-03;83,68;83,78;82,87;83,24
2005-08-04;83,27;84;83,1;83,45
2005-08-05;83,5;83,6;82,35;82,77
2005-08-08;84,19;84,7;83,85;84
2005-08-09;84,29;84,31;83,53;83,83
2005-08-10;84,62;85,38;84,33;85,28
2005-08-11;85,1;86,36;85,1;85,94
2005-08-12;86,34;86,35;85,4;85,83
2005-08-15;85,76;85,76;84,69;85,07
2005-08-16;84,65;84,88;83,2;83,21
2005-08-17;82,86;83,71;80,96;81,39
2005-08-18;80,73;81,4;80,2;80,9
2005-08-19;81,86;82,47;81,75;82,2
2005-08-22;83,25;83,46;82;82,68
2005-08-23;82,88;83,03;81,77;82,5
2005-08-24;82,78;83,45;82,4;83,05
2005-08-25;82,87;83,07;82,46;83,03
2005-08-26;83,2;83,36;81,87;81,95
2005-08-29;83,4;83,53;82,06;82,83
2005-08-30;83,29;84,23;83,15;83,96
2005-08-31;84,74;86,63;84,74;86,34
2005-09-01;87,84;88,43;87,36;88,18
2005-09-02;87,35;87,4;86,5;86,93
2005-09-06;87,25;87,25;85,97;87,12
2005-09-07;87,13;87,88;86,71;87,06
2005-09-08;87,36;87,75;86,92;86,99
2005-09-09;87,9;89,31;87,9;89,31
2005-09-12;88,91;88,95;87,5;87,85
2005-09-13;86,75;88,05;86,75;87
2005-09-14;87,42;88,25;87,25;88,15
2005-09-15;88,69;88,87;87,5;88,2
2005-09-16;88,64;89,08;88,52;89,08
2005-09-19;90,31;91,62;90,3;91,07
2005-09-20;91,19;91,34;90;90,29
2005-09-21;92,02;92,05;91,08;91,3
2005-09-22;92,21;92,35;89,2;90,39
2005-09-23;89,25;89,51;88,75;89
2005-09-26;88,68;90,83;88,52;90,61
2005-09-27;90,12;90,66;89,74;90,57
2005-09-28;91,08;91,75;90,06;91,74
2005-09-29;92,15;92,49;91,5;92,33
2005-09-30;92,47;92,47;91,19;91,35
2005-10-03;91,98;92,12;91;91,46
2005-10-04;90,8;90,84;88,4;88,48
2005-10-05;88,25;88,31;84,85;85,04
2005-10-06;82,81;84,5;81,79;82,75
2005-10-07;83,85;84,73;83,39;84,55
2005-10-10;84,79;84,79;83,1;83,7
2005-10-11;84,76;85,76;84,75;85,43
2005-10-12;85,22;85,77;83,35;83,81
2005-10-13;82,8;82,8;80,06;81,57
2005-10-14;82,08;83,03;80,14;83
2005-10-17;84,42;84,42;83,65;84,08
2005-10-18;83,24;83,58;80,7;80,7
2005-10-19;80,01;82,2;78,85;82,01
2005-10-20;81,8;82,03;78,08;78,76
2005-10-21;78,36;80,68;78,35;79,5
2005-10-24;79,23;82,13;79,23;81,78
2005-10-25;82,69;83,84;82,47;83,6
2005-10-26;83,54;85,53;82,97;83,13
2005-10-27;83,79;83,79;81,23;81,38
2005-10-28;81,8;83,19;80,31;82,91
2005-10-31;84,14;84,91;83,09;83,9
2005-11-01;83,42;84,43;83,15;84,15
2005-11-02;84,25;86;84,25;86
2005-11-03;86,69;87,65;86,54;87,22
2005-11-04;86,75;86,75;84,7;85,1
2005-11-07;84,63;84,65;83,54;83,97
2005-11-08;83,68;85;83,4;84,67
2005-11-09;84,16;85,48;83,43;83,88
2005-11-10;82,99;82,99;80,99;81,43
2005-11-11;81,61;82,41;81,31;82,18
2005-11-14;83,4;84,13;82,21;82,68
2005-11-15;82,95;84,56;82,57;82,68
2005-11-16;83,5;84,78;82,94;84,6
2005-11-17;85,59;85,84;84,45;84,88
2005-11-18;84,8;85,09;84,01;84,94
2005-11-21;85,72;86,85;85,4;86,79
2005-11-22;87,44;88,4;87,1;88,16
2005-11-23;87,56;88,5;87,01;87,85
2005-11-25;88,07;88,54;87,95;88,39
2005-11-28;87,3;87,4;85,71;85,71
2005-11-29;86,45;86,62;85,82;86,14
2005-11-30;86,14;86,78;85,74;86,34
2005-12-01;87,05;88,76;87;88,7
2005-12-02;88,7;89,14;88,34;89
2005-12-05;89,9;90,32;89,25;89,48
2005-12-06;90,48;90,7;89,02;90,06
2005-12-07;90,69;91,17;89,6;89,98
2005-12-08;90,2;91,56;90,02;91,45
2005-12-09;91,35;91,35;90,11;90,44
2005-12-12;91,47;91,47;90,64;91,12
2005-12-13;91,99;92,47;91,2;91,24
2005-12-14;91,35;91,67;90,74;91,61
2005-12-15;91,36;91,36;90,24;90,85
2005-12-16;90,83;90,83;89,08;89,14
2005-12-19;90,23;90,23;88,57;88,85
2005-12-20;89,14;89,59;88,95;89,4
2005-12-21;89,69;90,3;89,45;89,75
2005-12-22;90,17;90,35;89,61;89,87
2005-12-23;88,71;89,71;88,37;89,23
2005-12-27;88,53;88,53;86,76;87
2005-12-28;88;88,89;87,5;88,55
2005-12-29;88,5;89,22;87,87;88,02
2005-12-30;87,48;88,74;87,48;88,33
2006-01-03;89,5;91,95;89,5;91,9
2006-01-04;91,5;92,84;91,1;92,8
2006-01-05;91,8;92,26;90,64;91,4
2006-01-06;92,4;93,74;92,21;93,34
2006-01-09;93,5;93,7;92,65;93,29
2006-01-10;93,04;94,17;93,03;94,05
2006-01-11;94;94,55;92,8;94,25
2006-01-12;94,72;95,4;93,35;93,49
2006-01-13;94,05;94,97;93,6;94,87
2006-01-17;96,07;96,6;95,82;96,49
2006-01-18;95,85;96;93,91;94,95
2006-01-19;95,2;97,37;95,07;97,08
2006-01-20;98,8;99,16;96,97;97,55
2006-01-23;97,3;99,08;96,92;98,88
2006-01-24;98,45;99,13;98,25;98,33
2006-01-25;99,1;99,11;95,91;96,87
2006-01-26;96,75;97,41;95,34;97,32
2006-01-27;98,75;99,38;98,1;98,86
2006-01-30;100;101,38;100;100,83
2006-01-31;100,95;101,4;100,16;100,86
2006-02-01;101,1;101,44;99,04;99,45
2006-02-02;99,65;99,65;96,88;98,03
2006-02-03;98,3;98,3;96,62;97,3
2006-02-06;98,41;99,51;98,38;99,4
2006-02-07;97,17;97,17;94,36;94,79
2006-02-08;94,54;94,87;92,75;94,6
2006-02-09;95,6;96,24;92,75;93,09
2006-02-10;92,86;93,25;90,71;92,24
2006-02-13;92,01;92,66;90,76;91,27
2006-02-14;89,75;91,5;89,69;91,15
2006-02-15;91,4;91,98;89,54;90,25
2006-02-16;90,95;92,2;90,87;92,02
2006-02-17;93,45;93,45;92,57;92,98
2006-02-21;95,37;95,43;94,01;94,58
2006-02-22;94,1;94,1;92,96;93,47
2006-02-23;93,2;93,99;92,32;92,94
2006-02-24;94,22;94,52;93,78;93,86
2006-02-27;93,64;93,64;92,25;92,3
2006-02-28;91,5;91,89;90,77;91,4
2006-03-01;92,59;93,32;92,19;93,07
2006-03-02;93,8;94,74;93,34;94,59
2006-03-03;94,46;95,4;94,41;94,67
2006-03-06;94,42;94,42;91,74;91,81
2006-03-07;91,35;91,35;89,8;90,42
2006-03-08;88,92;90,7;88,5;89,95
2006-03-09;90,73;91,03;89,42;89,59
2006-03-10;88,5;90,56;88,5;90,1
2006-03-13;90;91,86;90;91,54
2006-03-14;91,6;93,6;91,47;93,22
2006-03-15;93,45;94,1;93;94,1
2006-03-16;94,22;95,37;93,62;95,15
2006-03-17;94,9;95,15;94,18;94,18
2006-03-20;93,93;94,5;92,38;92,55
2006-03-21;91,54;93,31;91,52;91,81
2006-03-22;92,03;93,59;92;92,5
2006-03-23;93,3;94,09;93,07;93,7
2006-03-24;93,95;95,22;93,95;94,79
2006-03-27;94,48;95,33;93,95;95,01
2006-03-28;95,9;96,48;95,1;95,45
2006-03-29;95,56;96,9;95,4;96,9
2006-03-30;97,66;98,14;96,79;97,3
2006-03-31;96,8;96,8;95,25;95,97
2006-04-03;97,05;98,18;96,54;96,67
2006-04-04;96,57;97,85;96,22;97,45
2006-04-05;97,82;99,26;97,52;99,07
2006-04-06;99,96;100,19;98,53;99,5
2006-04-07;99,55;99,76;98;98,29
2006-04-10;99,75;99,98;99,11;99,79
2006-04-11;100,8;100,9;98,55;98,95
2006-04-12;99,37;99,43;98,37;98,93
2006-04-13;97,97;99,13;97,25;99,04
2006-04-17;99,9;100,75;99,9;100,72
2006-04-18;101,39;103,7;101,39;103,7
2006-04-19;103,5;105,19;102,79;105
2006-04-20;104,9;104,99;102,11;103,57
2006-04-21;103,83;105,85;103,83;105,63
2006-04-24;105,38;105,38;104;104
2006-04-25;105,53;105,83;102,5;103,25
2006-04-26;103,67;104,74;102,01;102,11
2006-04-27;100,46;102,55;99,5;100,8
2006-04-28;101,84;103;101,78;102,27
2006-05-01;103,34;104,42;103,12;103,61
2006-05-02;104,81;105,75;104,21;105,75
2006-05-03;105,86;106;103,5;104,46
2006-05-04;103,7;104,9;102,5;104,1
2006-05-05;105,52;105,52;104,51;105,3
2006-05-08;104,04;105;103,52;104,9
2006-05-09;105,15;106,64;105;106,31
2006-05-10;106,06;107,4;105,56;107,4
2006-05-11;107,9;107,9;105,51;105,82
2006-05-12;105;105;102,22;102,42
2006-05-15;99,83;100,82;98,43;99,59
2006-05-16;100,42;100,79;98,54;99,77
2006-05-17;100,02;100,08;96,39;97,24
2006-05-18;97,9;97,9;95,36;95,36
2006-05-19;95;96,65;93,52;95,88
2006-05-22;94,29;95,53;92,32;94,9
2006-05-23;96,87;98,2;95,36;95,36
2006-05-24;94,77;95,7;92,35;94,17
2006-05-25;95,51;97,75;95,21;97,53
2006-05-26;97,53;98,46;97,08;98,26
2006-05-30;98,4;99,19;96,83;96,86
2006-05-31;97,6;99;96,88;99
2006-06-01;97,85;99,73;97,34;99,21
2006-06-02;100,76;101;99,63;100,93
2006-06-05;101,42;101,42;97,55;97,57
2006-06-06;97,4;97,9;96;96,91
2006-06-07;96;96,6;93,66;93,71
2006-06-08;92,22;94;89,79;93,73
2006-06-09;93,8;94,75;92,41;93,37
2006-06-12;94;94,02;90,67;90,67
2006-06-13;89,66;90,77;87,63;88
2006-06-14;89,13;90,19;88,68;90
2006-06-15;91,8;94,28;91,77;93,73
2006-06-16;93,35;93,86;91,91;93,14
2006-06-19;92,46;92,46;89,77;90,1
2006-06-20;90,77;91,62;89,65;89,8
2006-06-21;90,7;92,89;90,53;91,75
2006-06-22;91,76;92,55;91,16;92,2
2006-06-23;93,4;94,31;93,15;93,62
2006-06-26;93,75;94,95;93,07;94,72
2006-06-27;95,35;96,12;94,37;94,69
2006-06-28;95,15;96,05;94,88;95,75
2006-06-29;97;99,16;96,97;99,1
2006-06-30;99,58;100,11;98,91;99,5
2006-07-03;100,57;101,33;100,27;101,08
2006-07-05;101,5;101,5;99,13;100,79
2006-07-06;101,11;101,55;100,37;100,68
2006-07-07;101,35;101,78;99,18;99,63
2006-07-10;100,35;100,35;98,9;99,31
2006-07-11;100;101,02;99,42;100,6
2006-07-12;101,17;101,33;99,98;100,36
2006-07-13;100,44;100,6;98,89;99,13
2006-07-14;99,48;100,13;97,98;100,09
2006-07-17;99,2;99,21;96,55;97,1
2006-07-18;97,82;98,03;95,56;97,16
2006-07-19;97;98,55;96,83;98,39
2006-07-20;98,67;98,75;95,78;95,78
2006-07-21;95,71;95,84;94,15;94,15
2006-07-24;94,57;97,12;94,57;96,87
2006-07-25;97,72;98,9;97,3;98,8
2006-07-26;98,8;100,92;98,12;100,5
2006-07-27;101,32;101,85;99,42;100,05
2006-07-28;99,39;100,45;98,84;100,18
2006-07-31;100,27;102,16;100,27;101,76
2006-08-01;101,6;102,15;100,45;102,09
2006-08-02;102,97;103,95;101,79;102,56
2006-08-03;101,22;102,56;101,22;101,91
2006-08-04;102,42;102,42;100,02;100,88
2006-08-07;101,25;102,19;100,57;101,45
2006-08-08;101,45;102,3;100,8;101,06
2006-08-09;101,85;103;101,35;101,73
2006-08-10;100,94;101,29;100,09;101,17
2006-08-11;101,06;101,16;100,13;100,65
2006-08-14;100,12;100,12;98,56;98,84
2006-08-15;99,63;99,75;98,8;99,64
2006-08-16;99,81;100,74;99,04;99,5
2006-08-17;98,96;98,96;97,82;98,8
2006-08-18;98,95;99,85;98,27;99,62
2006-08-21;100,6;100,9;100,23;100,79
2006-08-22;100,54;101,35;100,54;101,35
2006-08-23;101,1;101,52;99,76;100,03
2006-08-24;100,28;100,41;99,64;100,41
2006-08-25;100,57;101,74;100,57;101
2006-08-28;99,87;100,46;99,53;99,74
2006-08-29;99,15;99,27;98,21;99,27
2006-08-30;99,4;99,4;97,25;98,07
2006-08-31;97,99;98,74;97,69;97,92
2006-09-01;98,6;99,2;98,33;99,13
2006-09-05;98,62;100,3;98,6;99,98
2006-09-06;98,85;99,26;97,25;97,55
2006-09-07;96,4;97,29;96,06;96,71
2006-09-08;96,6;96,85;94,69;94,82
2006-09-11;92,82;92,82;91,31;91,31
2006-09-12;91,5;92,3;90,34;90,83
2006-09-13;91,85;93,21;91,76;92,9
2006-09-14;92,95;93,13;90,45;90,88
2006-09-15;90,21;91,13;90,13;90,7
2006-09-18;91,15;93,12;91,15;92,79
2006-09-19;92,81;92,81;90,45;91,2
2006-09-20;91,05;91,4;89,06;89,14
2006-09-21;89,36;91,04;89,36;90,62
2006-09-22;88;90,93;88;89,92
2006-09-25;88,7;90,08;87,64;89,74
2006-09-26;89,67;91,55;89,6;91,53
2006-09-27;92,08;92,89;91,12;92,83
2006-09-28;93,2;93,77;92,51;92,67
2006-09-29;92,75;93,32;91,84;93,05
2006-10-02;92,8;93,32;91,69;92,03
2006-10-03;90,06;90,06;88,23;88,63
2006-10-04;88,5;89,53;86,81;89,39
2006-10-05;90,8;91,17;90,01;91,13
2006-10-06;90,3;91,22;89,75;91,15
2006-10-09;91,64;92,09;90,07;90,54
2006-10-10;90,25;91,68;90,25;91,66
2006-10-11;90,8;91,43;90;90,45
2006-10-12;90,45;92,05;90,45;92,05
2006-10-13;92,24;94,08;92,24;93,65
2006-10-16;94;95,72;93,77;95,7
2006-10-17;95,18;95,3;94,11;94,91
2006-10-18;94,92;95,42;93,7;94,04
2006-10-19;94,9;96,35;94,6;96,29
2006-10-20;96,29;96,42;94,97;95,41
2006-10-23;94,2;95,54;94,2;95,43
2006-10-24;95,43;96,95;94,9;96,85
2006-10-25;96,8;98,92;96,17;98,5
2006-10-26;98,95;99,42;97,6;98,29
2006-10-27;98;98,81;97,25;97,25
2006-10-30;97;97,09;95,85;95,9
2006-10-31;95,85;97,16;95,11;96,84
2006-11-01;96,95;97,25;95,25;95,91
2006-11-02;95,55;96,82;95,14;96,2
2006-11-03;96,88;98,19;96,88;97,95
2006-11-06;97,87;99,1;97,74;98,95
2006-11-07;99,01;99,1;97,71;98,14
2006-11-08;97,95;99,62;97,66;99,6
2006-11-09;99,85;101,47;99,68;100,7
2006-11-10;100,3;100,3;98,69;99,3
2006-11-13;98,4;99,5;98,39;99,08
2006-11-14;99,33;99,48;98,6;99,24
2006-11-15;98,99;100,65;98,91;100,35
2006-11-16;100,6;100,71;97,58;97,7
2006-11-17;97,07;98,5;96,41;98,47
2006-11-20;98,22;99,29;97,94;98,7
2006-11-21;98,64;100,48;98,64;100,25
2006-11-22;100,17;100,77;99,08;100,3
2006-11-24;100,89;100,89;100,21;100,45
2006-11-27;100,7;100,97;99,43;99,7
2006-11-28;99,85;101,32;99,85;101,13
2006-11-29;101,6;103,98;101,4;103,73
2006-11-30;103,97;104,92;103,38;104,54
2006-12-01;104,29;104,95;103,12;104,95
2006-12-04;104,55;104,88;103,8;104,88
2006-12-05;105,8;105,8;104,16;105,3
2006-12-06;104,57;106;104,57;104,97
2006-12-07;104,73;105,22;103,96;104,7
2006-12-08;105,12;105,55;104,31;104,58
2006-12-11;103,9;105;103,65;104,5
2006-12-12;104,3;104,82;103,58;104,13
2006-12-13;104,2;105,17;104,05;104,96
2006-12-14;105,2;106,72;105,2;106,45
2006-12-15;106,32;106,32;104,99;105,35
2006-12-18;104,78;104,78;102,35;102,44
2006-12-19;101,84;104,14;101,81;103,95
2006-12-20;103,28;104,15;102,57;102,61
2006-12-21;102,53;102,58;100,83;101,54
2006-12-22;101,79;101,79;100,76;100,76
2006-12-26;101;101,72;100,26;100,78
2006-12-27;101,25;102,19;100,8;101,9
2006-12-28;102,15;102,34;101,78;102,24
2006-12-29;101,84;101,84;101,24;101,6
2007-01-03;99,96;99,96;97,1;97,9
2007-01-04;96,3;97,14;93,99;95,7
2007-01-05;95,85;96,4;95,07;96,38
2007-01-08;97,34;97,35;95,66;96,66
2007-01-09;95;95,97;94,29;95,6
2007-01-10;94,74;95,06;93,8;94,55
2007-01-11;94,6;96,28;93,77;93,85
2007-01-12;94,67;96,7;94,67;96,65
2007-01-16;96,5;96,76;95,13;95,67
2007-01-17;95,59;96,65;95,39;96,5
2007-01-18;97,03;97,24;95,15;95,67
2007-01-19;96;97,8;96;97,8
2007-01-22;97,85;98,35;96,68;97,4
2007-01-23;98,26;100,11;98,26;99,9
2007-01-24;99,69;100,5;98,5;100,5
2007-01-25;99,98;100,07;98,19;98,7
2007-01-26;99,03;99,43;98,51;99,1
2007-01-29;99,05;99,61;98,14;98,55
2007-01-30;98,82;100,55;98,82;100,55
2007-01-31;100,06;101,25;99,76;101
2007-02-01;101,25;101,99;100,67;101,89
2007-02-02;101,31;101,99;100,62;101,8
2007-02-05;102,15;102,27;101,45;101,62
2007-02-06;101,87;101,96;100,99;101,65
2007-02-07;101,73;102,08;100,35;101
2007-02-08;100,75;101,96;100,24;101,96
2007-02-09;102,02;102,22;101,11;101,56
2007-02-12;100,6;100,99;99,82;100,45
2007-02-13;101,16;102,23;101,15;102,2
2007-02-14;102,42;103;101,71;102,34
2007-02-15;102,09;102,09;101,08;101,74
2007-02-16;101,75;101,98;101,43;101,83
2007-02-20;100,65;100,93;100,29;100,91
2007-02-21;100,92;102;100,22;101,99
2007-02-22;102;102,98;101,46;102,98
2007-02-23;103,29;103,74;102,87;103,22
2007-02-26;103,45;104,52;103,45;103,99
2007-02-27;101,9;103,03;99,21;100
2007-02-28;100,01;100,94;99,64;100,24
2007-03-01;98,3;100,81;98,22;100,1
2007-03-02;99,48;99,65;97,85;98,18
2007-03-05;96,39;98,01;96,39;96,82
2007-03-06;97,9;98,89;97,73;98,89
2007-03-07;98,8;101,15;98,71;100,05
2007-03-08;100,47;101;100,1;100,6
2007-03-09;100,88;101,24;100,14;100,7
2007-03-12;99,74;100,65;99,72;100,48
2007-03-13;100,1;101,18;98,65;98,8
2007-03-14;99,01;99,74;97,79;99,61
2007-03-15;99,57;100,36;99,45;99,87
2007-03-16;99,75;100,4;98,74;99,03
2007-03-19;99,9;100,98;99,8;100,98
2007-03-20;100,95;101,62;100,57;101,46
2007-03-21;101,75;103,46;101,75;103,2
2007-03-22;103,91;104,9;103,8;104,41
2007-03-23;104,6;105,16;104,43;104,98
2007-03-26;105,32;105,65;104,11;105,39
2007-03-27;104,55;105,45;104,55;105,45
2007-03-28;105,61;105,91;104,79;105,35
2007-03-29;106,11;106,2;105,32;106,2
2007-03-30;106,14;106,14;104,74;105,01
2007-04-02;105,48;106,19;105,07;106,09
2007-04-03;106;106,67;105,45;106,62
2007-04-04;106;107,18;105,83;107,18
2007-04-05;106,95;107,73;106,95;107,55
2007-04-09;107,29;108,49;107,24;107,4
2007-04-10;108,01;108,89;108,01;108,89
2007-04-11;108,9;109,5;108,06;108,7
2007-04-12;109;110,04;108,45;110
2007-04-13;110,23;110,7;109,73;110,7
2007-04-16;110,95;111,3;110;111,3
2007-04-17;111,55;111,65;110,25;110,62
2007-04-18;110,25;110,25;109,53;110,17
2007-04-19;108,7;109,02;108,45;108,86
2007-04-20;109,75;110,24;109,34;110,24
2007-04-23;109,94;111,1;109,94;110,43
2007-04-24;110,13;110,64;109,59;110
2007-04-25;110,68;112,45;110,55;112,07
2007-04-26;111,73;112,03;110,92;111,8
2007-04-27;111,45;112,25;111,03;111,93
2007-04-30;111,88;112,36;110,43;110,51
2007-05-01;110,5;110,76;109,57;110,68
2007-05-02;110,97;112,13;110,83;111,8
2007-05-03;112;113,26;111,78;113
2007-05-04;113,7;114,5;112,95;113,38
2007-05-07;113,57;114,21;113,51;114,16
2007-05-08;113,57;114,14;112,62;114,14
2007-05-09;113,67;114,17;112,96;114,05
2007-05-10;114,04;114,04;111,87;112,2
2007-05-11;112,69;114,46;112,69;114,46
2007-05-14;114,58;115;114;114,58
2007-05-15;114,41;115,63;114,18;114,65
2007-05-16;114,5;114,98;113,26;114,98
2007-05-17;114,92;117;114,3;116,57
2007-05-18;117,12;118,2;117;118,1
2007-05-21;119,06;120,11;118,59;119,32
2007-05-22;119,38;119,64;118,08;118,25
2007-05-23;119,06;119,88;118,64;118,8
2007-05-24;118,98;119,48;116,26;116,52
2007-05-25;117,87;118,15;117,25;118,14
2007-05-29;118,15;118,26;116,87;117,49
2007-05-30;116,87;119,56;116,83;119,52
2007-05-31;119,96;120,38;119;119,41
2007-06-01;120;121;120;120,75
2007-06-04;120,66;122,39;120,56;122,33
2007-06-05;121,85;122,1;121,02;121,8
2007-06-06;121;121,17;119,63;119,99
2007-06-07;119,98;120,66;117,46;117,55
2007-06-08;117,35;118,6;115,83;118,6
2007-06-11;118,1;119,81;118,1;119,28
2007-06-12;118,98;119,39;117,76;117,95
2007-06-13;118,19;120,32;118,19;120,32
2007-06-14;120,89;122,4;120,84;122,37
2007-06-15;123,15;123,97;123,15;123,9
2007-06-18;124,15;124,51;123,67;124,17
2007-06-19;124,2;124,62;123,13;124,13
2007-06-20;124,13;124,44;120,73;120,95
2007-06-21;121,52;123,26;121,14;123,26
2007-06-22;123,25;124,49;121,01;122,19
2007-06-25;121,5;122,16;119,75;120,5
2007-06-26;121,1;121,1;117,83;118,62
2007-06-27;117,15;119,81;116,29;119,8
2007-06-28;120,85;120,95;119,12;119,44
2007-06-29;120,42;120,96;119,18;119,84
2007-07-02;120,8;121,95;120,23;121,95
2007-07-03;122,05;122,64;121,95;122,5
2007-07-05;122,3;123,22;121,43;122,69
2007-07-06;123,05;124,18;123,05;123,8
2007-07-09;124,38;125,52;124,18;125,13
2007-07-10;124,36;125,72;123,76;124,47
2007-07-11;123,9;124,79;123,5;124,69
2007-07-12;125,95;127,23;125,95;127,22
2007-07-13;127,51;128,85;127,4;128,46
2007-07-16;128,34;128,34;125,44;126,44
2007-07-17;127,02;127,82;125,29;125,5
2007-07-18;125,58;127,93;125,33;127,87
2007-07-19;128,78;129,15;128,44;129,08
2007-07-20;129,39;129,39;127,36;128,3
2007-07-23;129;129;127,35;127,88
2007-07-24;126,53;126,75;123,86;124,68
2007-07-25;124,95;125,88;122,29;125,64
2007-07-26;123,7;124,13;119,17;121,61
2007-07-27;121,2;122,31;118,39;119,48
2007-07-30;120,35;121,25;118,37;120,78
2007-07-31;122,14;123,09;120,1;120,3
2007-08-01;120,5;121,16;116,65;119,37
2007-08-02;119,8;120,37;117,38;119,08
2007-08-03;118,8;119,7;114,71;114,71
2007-08-06;114,8;115,24;111,87;115,09
2007-08-07;114,25;117,93;114,1;117,19
2007-08-08;118,25;120,98;117,97;119,97
2007-08-09;117,28;119,32;115,99;116,33
2007-08-10;113,3;117,87;113;117,33
2007-08-13;119;119,23;117,05;117,05
2007-08-14;118;118;115,3;115,46
2007-08-15;115,01;116,17;112,06;112,21
2007-08-16;110,29;112,06;106,54;111,3
2007-08-17;115,2;115,2;112,12;114,01
2007-08-20;114,1;115;112,43;114,5
2007-08-21;114,09;114,89;112,89;113,5
2007-08-22;114,48;115,54;114,46;115,38
2007-08-23;116,99;117,14;114,79;116,24
2007-08-24;116,79;118,36;116,55;118,3
2007-08-27;117,28;117,9;116,48;117,3
2007-08-28;115,98;116,27;113,89;114,22
2007-08-29;114,99;117,7;114,87;117,64
2007-08-30;116,51;118,13;116,51;117,34
2007-08-31;119,49;119,77;118,59;119
2007-09-04;119,29;122,39;119,1;121,58
2007-09-05;121,19;121,44;120,4;121,19
2007-09-06;122,54;122,89;121,65;122,64
2007-09-07;121,09;121,46;120,12;121,3
2007-09-10;120,6;121,13;118,02;120,54
2007-09-11;120,89;122,44;119,86;122,44
2007-09-12;122,2;123,69;122,2;123,13
2007-09-13;123,7;124,85;123,7;124,27
2007-09-14;123,75;125,11;123,75;124,61
2007-09-17;124,59;127,41;123,85;124,28
2007-09-18;124,98;128,52;124,06;128,32
2007-09-19;129,44;130;128,18;128,7
2007-09-20;129,47;129,56;128,6;129,38
2007-09-21;129,73;130,82;129,73;130,03
2007-09-24;130,29;130,29;128,94;129,48
2007-09-25;128,08;128,08;127,01;128,08
2007-09-26;128,99;128,99;126,14;128,01
2007-09-27;128,99;129,41;128,24;129,3
2007-09-28;130,13;130,3;128,35;128,75
2007-10-01;128,48;130,71;128,48;130,4
2007-10-02;129,89;129,89;127,76;129,5
2007-10-03;128,99;128,99;127,71;128,2
2007-10-04;128,16;129,22;126,67;129,02
2007-10-05;129,46;130,12;128,73;129,96
2007-10-08;128,88;129,29;128,26;128,5
2007-10-09;128,8;130,8;128,8;130,77
2007-10-10;130,22;132,47;129,51;131,97
2007-10-11;133,5;134,74;130,68;132,16
2007-10-12;132,62;133,23;131,97;132,87
2007-10-15;134,88;135,22;133,4;134,32
2007-10-16;133,83;134,23;133,08;133,91
2007-10-17;134,59;134,79;132,16;133,6
2007-10-18;133,59;134,7;133,13;134,7
2007-10-19;133,71;133,71;129,28;129,28
2007-10-22;126,92;127,97;125,86;127,97
2007-10-23;128,8;129,77;127,3;129,77
2007-10-24;129,1;130,56;128;130,27
2007-10-25;131,01;131,95;130,08;131,81
2007-10-26;132,98;133,64;132,45;133,64
2007-10-29;134,45;134,9;134;134,66
2007-10-30;133,49;133,49;130,59;130,89
2007-10-31;132,19;134,52;131,4;134,32
2007-11-01;132,48;134,2;130,7;131,33
2007-11-02;132,49;133,6;130,52;133,6
2007-11-05;133;133,13;131,2;132,5
2007-11-06;132,91;136,15;132,91;136,08
2007-11-07;136;136,53;132,43;132,5
2007-11-08;133,49;135,14;131;133,36
2007-11-09;133,1;133,1;130,25;131,02
2007-11-12;132,02;132,02;124,85;124,88
2007-11-13;124,76;127,32;123,88;127,3
2007-11-14;129,32;129,58;126,9;127,64
